SMILES,IC50,Labels,is_toxic
COc1ccc2nccc([C@H](O)[C@H]3C[C@@H]4CC[NH+]3C[C@@H]4C=C)c2c1,0.6937,1,True
C[C@@H]1CN(CCN1\C(=N\C#N)\Nc2ccc(cc2)C(C)(C)C)c3ncccc3F,1,1,True
Fc1ccc(cc1)[C@H]2CNC(=O)C23CC[NH+](CC3)C4(CCCCC4)c5ccc(F)cc5,1.3,1,True
C[C@@H]1C[NH2+]C[C@H]2Cc3ccc(C)nc3N12,21,1,True
COCCOCC#Cc1cc(cs1)c2n[nH]c3c4ccc(C[NH+]5CC[NH+](C)CC5)cc4C(=O)c23,5.3,1,True
C[NH+]1CCN(Cc2ccc3c(Cc4c(n[nH]c34)c5csc(c5)C#CCOc6ccccc6)c2)C(=O)C1,53,0,False
C(Oc1ccccc1)C#Cc2cc(cs2)c3n[nH]c4c3Cc5cc(Cn6cncn6)ccc45,1.7,1,True
COCCOCC#Cc1cc(cs1)c2n[nH]c3c2Cc4ccc(Cn5cncn5)cc34,11.6,1,True
Fc1ccc(cc1)C([NH+]2CC[NH2+]CC2)c3ccc(F)cc3,1.6,1,True
COc1cc2c(Nc3ccc(Br)cc3F)ncnc2cc1OCC4CCN(CC4)C(=O)C[NH+](C)C,1.5,1,True
COc1cc2c(Oc3ccc4[nH]c(C)c(C)c4c3)ncnc2cc1OCC[NH+]5CC[NH+](CC(=O)C)CC5,10.1,1,True
C[C@]12CC[C@H]3[C@@H](CCc4cc(O)ccc34)[C@@H]1CC[C@@H]2O,>0.1,1,True
C[NH+]1CCC[NH+](CC(=O)Nc2cc(nc(n2)c3oc(C)cc3)n4nccc4C)CC1,0.28,1,True
C[NH+](C)CC1CC[NH+](CC(=O)Nc2cc(nc(n2)c3oc(C)cc3)n4nccc4C)CC1,1.65,1,True
C[NH+]1CCC(CC(=O)Nc2cc(nc(n2)c3oc(C)cc3)n4nccc4C)CC1,4.17,1,True
C[NH+](C)CCC(=O)Nc1cc(nc(n1)c2oc(C)cc2)n3nccc3C,0.65,1,True
C\C=C\1/N(C)[C@H](C)CC1(c2ccccc2)c3ccccc3,100,0,False
C[NH+]1CCN(CC1)C2=Nc3ccccc3Nc4sc(CO)cc24,11.6,1,True
Cc1cn2C=CN(CC3(CC3)c4ccc(cc4)C(F)(F)F)C(=O)c2n1,14,1,True
Cc1cn2C=CN(CC3(CC3)c4ccccc4)C(=O)c2n1,100,0,False
Cc1nc2C(=O)N(CC3(CC3)c4ccccc4)C=Cn2c1Br,26,1,True
C[NH+](C)CCOC(c1ccccc1)c2ccccc2,18.5,1,True
OC(c1ccc(F)cc1)c2ccc(F)cc2,99,0,False
Fc1ccc(cc1)C(=O)c2ccc(F)cc2,72,0,False
Nc1cc[nH+]cc1,4365,1,True
CC1=CC2=C(Nc3ccccc3N=C2S1)N4CC[NH2+]CC4,14.2,1,True
COc1ccc(CNC(=O)c2oc3ccc(Cl)cc3c2)c(OC)c1,16.7,1,True
CN(CCCN1c2ccccc2CCc3ccccc13)C(=O)c4oc5ccc(Cl)cc5c4,20.03,0,False
CCC[NH2+]C[C@@H](O)COc1ccc(O)cc1C(=O)CCc2ccccc2,107.2,1,True
COc1cc(ccc1N2CC[C@H](O)C2)N3C=Nc4cc(sc4C3=O)c5ccc(Cl)cc5,4.47,1,True
CC1=NC2=[N+](CCC[C@@H]2O)C(=O)[C@H]1CC[NH+]3CCC(CC3)c4noc5cc(F)ccc45,0.15,1,True
Nc1nc(NC2CC2)c3ncn([C@@H]4C[C@H](CO)C=C4)c3n1,,0,False
CCCC(=O)Nc1ccc(OC[C@H](O)C[NH2+]C(C)C)c(c1)C(=O)C,,0,False
CC(=O)O[C@H]1C[C@@]2(C)C[NH+]3[C@H]4C[C@]56CC(=C)[C@@H]7[C@@H](O)[C@H]5[C@](C1)([C@@H]24)[C@H]3[C@@]6(O)[C@@H]7OC(=O)C,465.95,0,False
CC(=O)Nc1ccc(O)cc1,,0,False
CC(=O)Nc1nnc(s1)S(=O)(=O)N,,0,False
CC(=O)Oc1ccccc1C(=O)[O-],,0,False
COc1cc(C)c(\C=C/C(=C/C=C\C(=C\C(=O)[O-])\C)/C)c(C)c1C,,0,False
Cc1ccc(cc1)\C(=C\C[NH+]2CCCC2)\c3cccc(\C=C/C(=O)[O-])n3,,0,False
NC1=NC(=O)c2ncn(COCCO)c2N1,,0,False
C[C@H]1SC2=C(C(=O)[O-])C(=O)c3cc(F)c(cc3N12)N4CC[NH2+]CC4,591.6,0,False
CC[C@H]1[C@H]2C[C@H]3[C@@H]4N(C)c5ccccc5[C@]46C[C@@H]([C@@H]2[C@H]6O)[NH+]3[C@@H]1O,1.04,1,True
CC(C)(C)[NH2+]C[C@@H](O)c1ccc(O)c(CO)c1,,0,False
COc1cc2nc(nc(C)c2cc1OC)N(C)CCCNC(=O)[C@H]3CCCO3,83.3,0,False
CCC[S@@](=O)CCC[NH+](CC)C[C@H](O)COc1ccc(cc1)C#N,0.44,1,True
Cc1nc[nH]c1CN2CCc3c(C2=O)c4ccccc4n3C,3.23,1,True
Cc1nnc2CN=C(c3ccccc3)c4cc(Cl)ccc4n12,,0,False
CN(C)c1nc(nc(n1)N(C)C)N(C)C,,0,False
C[C@H]1C[NH+](C[C@H](Cc2ccccc2)C(=O)NCC(=O)[O-])CC[C@@]1(C)c3cccc(O)c3,,0,False
[NH3+]C12CC3CC(CC(C3)C1)C2,,0,False
Nc1ccc(cc1)C(=O)N2C[C@H]3C[C@@H](C2)C[NH+](Cc4ccccc4)C3,3.63,1,True
COC([C@H](Oc1nc(C)cc(C)n1)C(=O)[O-])(c2ccccc2)c3ccccc3,,0,False
NC(=[NH2+])NC(=O)c1nc(Cl)c(N)nc1N,,0,False
Nc1ccc(cc1)C(=O)[O-],,0,False
CC[NH+](CC)Cc1ccc2C[C@H](CCc2c1)N3CC[NH+](CCc4ccc(F)cc4)CC3=O,8.1,1,True
CC[NH+](CC)Cc1ccc2C[C@H](CCc2c1)N3CC[NH+](CCc4ccc(Cl)cc4)CC3=O,3.3,1,True
CC[NH+](CC)Cc1ccc2C[C@H](CCc2c1)N3CC[NH+](CCc4cc(N)cc(c4)C(F)(F)F)CC3=O,1.7,1,True
CC[NH+](CC)Cc1ccc2C[C@H](CCc2c1)N3CC[NH+](CCC4CCCCC4)CC3=O,3.3,1,True
CC[NH+](CC)Cc1ccc2C[C@H](CCc2c1)N3CC[NH+](Cc4ccsc4)CC3=O,1.2,1,True
Fc1ccc(CC[NH+]2CCN([C@H]3CCc4cc(C[NH+]5CCC(CC5)C(F)(F)F)ccc4C3)C(=O)C2)cc1,2,1,True
Fc1ccc(CC[NH+]2CCN([C@H]3CCc4cc(Cn5ccnc5)ccc4C3)C(=O)C2)cc1,4,1,True
Fc1ccc(CC[NH+]2CCN([C@H]3CCc4cc(C[NH+]5CCCCC5)ccc4C3)C(=O)C2)cc1,11,1,True
CS(=O)(=O)N1CC[NH+](Cc2ccc3C[C@H](CCc3c2)N4CC[NH+](CCc5ccc(F)cc5)CC4=O)CC1,13,1,True
Fc1ccc(CC[NH+]2CCN([C@H]3CCc4cc(C[NH+]5CCS(=O)(=O)CC5)ccc4C3)C(=O)C2)cc1,24,1,True
CC(=O)N1CC[NH+](Cc2ccc3C[C@H](CCc3c2)N4CC[NH+](CCc5ccc(F)cc5)CC4=O)CC1,25,1,True
CN(C)C(=O)[C@@H](CO)[NH+](C)Cc1ccc2C[C@H](CCc2c1)N3CC[NH+](CCc4ccc(F)cc4)CC3=O,25,1,True
Nc1ccc(C(=O)[O-])c([O-])c1,,0,False
CCCCc1oc2ccccc2c1C(=O)c3cc(I)c(OCC[NH+](CC)CC)c(I)c3,0.07,1,True
C[NH+](C)CCC=C1c2ccccc2CCc3ccccc13,5.47,1,True
CCOC(=O)C1=C(COCC[NH3+])NC(=C([C@H]1c2ccccc2Cl)C(=O)OC)C,2,1,True
Clc1ccc2Oc3ccccc3N=C(N4CC[NH2+]CC4)c2c1,5.1,1,True
CC1(C)S[C@@H]2[C@H](NC(=O)[C@H]([NH3+])c3ccc(O)cc3)C(=O)N2[C@H]1C(=O)[O-],>3000,0,False
C[C@@H]([NH3+])Cc1ccccc1,,0,False
CC(C)CN(C[C@@H](O)[C@H](Cc1ccccc1)NC(=O)O[C@H]2CCOC2)S(=O)(=O)c3ccc(N)cc3,,0,False
COc1cc(NS(=O)(=O)C)ccc1Nc2c3ccccc3[nH+]c4ccccc24,0.21,1,True
Clc1ccc2[NH+]=C3NC(=O)CN3Cc2c1Cl,,0,False
CC(C)(C#N)c1cc(Cn2cncn2)cc(c1)C(C)(C)C#N,,0,False
CC1CCN(CC1)c2c(F)c(N)c3C(=O)C(=C[C@@H]4[C@@H](C)COc2c34)C(=O)[O-],460.37,0,False
C[NH+]1CCc2cccc3c2[C@H]1Cc4ccc(O)c(O)c34,3,1,True
C[NH+]1CCc2cccc3c2[C@@H]1Cc4ccc(O)c(O)c34,2.4,1,True
CC[NH+](CC)CCCN(C1Cc2ccccc2C1)c3ccccc3,,0,False
Clc1cccc(N2CC[NH+](CCCCOc3ccc4CCC(=O)Nc4c3)CC2)c1Cl,0.631,1,True
C[C@@H]1[C@@H]2[C@@H](O)C[C@]3(C)C=CC(=O)C(=C3[C@H]2OC1=O)C,110,0,False
CCC[NH2+][C@@H](C)C(=O)Nc1c(C)csc1C(=O)OC,224,0,False
COc1ccc(CC[NH+]2CCC(CC2)Nc3nc4ccccc4n3Cc5ccc(F)cc5)cc1,0.0115,1,True
CC(C)[NH2+]C[C@@H](O)COc1ccc(CC(=O)N)cc1,1000,0,False
CO[C@H]1C[NH+](CCCCCC(=O)O[C@H]2C[NH+]3CCC2CC3)CC[C@H]1NC(=O)c4cc(Cl)c(N)cc4OC,24.5,1,True
C[NH2+]CC[C@@H](Oc1ccccc1C)c2ccccc2,6.26,1,True
CC(C)c1c(C(=O)Nc2ccccc2)c(c3ccccc3)c(c4ccc(F)cc4)n1CC[C@@H](O)C[C@@H](O)CC(=O)[O-],,0,False
Clc1ccc(cc1)C2CCC(CC2)C3=CC(=O)c4ccccc4C3=O,,0,False
C[NH+]1[C@@H]2CC[C@H]1CC(C2)OC(=O)[C@@H](CO)c3ccccc3,0.558,1,True
COc1ccc(CC(=O)NCc2ccccc2c3ccccc3C(=O)NCCc4cccnc4)cc1,10,1,True
CC[NH+](CC)CCCN(CC(=O)N(C1CCCCC1)C2CCCCC2)C(=O)c3ccc(cc3)[N+](=O)[O-],0.32,1,True
C[NH+]1CCC(=C2c3ccccc3CCc4cccnc24)CC1,,0,False
C[NH+]1CC[NH+](CCCCN2C(=O)CN(\N=C\c3oc(cc3)c4ccc(Cl)cc4)C2=O)CC1,1.4,1,True
CC(=O)OCOC(=O)CN(CC(=O)[O-])c1ccccc1OCCOc2ccccc2N(CC(=O)[O-])CC(=O)[O-],1.31,1,True
CC(C)(C)c1ccc(NC(=O)N2CCN(CC2)c3ncccc3Cl)cc1,1,1,True
Clc1ccc(cc1)C(c2ccc(Cl)cc2)n3cc[n+](C[C@H](OCc4ccc(Cl)cc4Cl)c5ccc(Cl)cc5Cl)c3,0.03,1,True
NS(=O)(=O)c1cc2c(N[C@H](Cc3ccccc3)NS2(=O)=O)cc1C(F)(F)F,,0,False
Fc1ccc(cc1)C(=O)CCC[NH+]2CCC(CC2)N3C(=O)Nc4ccccc34,0.0034,1,True
CCCCNc1ccc(C=O)cc1,,0,False
C[NH+]1[C@@H]2CC[C@@H]1[C@@H]([C@@H](C2)OC(=O)c3ccccc3)C(=O)[O-],391.5,0,False
C[NH+]1[C@@H]2CC[C@H]1CC(C2)OC(c3ccccc3)c4ccccc4,,0,False
CC(C)COC[C@@H](CN(Cc1ccccc1)c2ccccc2)[NH+]3CCCC3,0.55,1,True
COc1ccc2cc3c4cc5OCOc5cc4CC[n+]3cc2c1OC,66.069,0,False
CC(C)C[NH+]1C[C@@H]2C[NH+](C[C@H](C1)C23CCCCC3)C(C)C,62.7,0,False
CC(C)[NH2+]C[C@H](O)COc1ccc(CCOCC2CC2)cc1,,0,False
Cc1cc2c(cc1C(=C)c3ccc(cc3)C(=O)[O-])C(C)(C)CCC2(C)C,,0,False
C[C@@H](O)C(=O)Nc1cc(c(C)c(c1C#N)S(=O)(=O)c2ccc(F)cc2)C(F)(F)F,,0,False
Cc1ccc(cc1)[C@]23C[NH2+]C[C@H]2C3,45.2,0,False
O[C@](CC[NH+]1CCCCC1)([C@@H]2C[C@H]3C[C@H]2C=C3)c4ccccc4,,0,False
CC(C)[NH2+]C[C@H](O)COc1ccc(COCCOC(C)C)cc1,,0,False
CN(C1CC[NH2+]CC1)C(=O)N2CC(=C[C@@H]2c3ccccc3)c4cc(F)ccc4F,1.3,1,True
CN(C1CCN(CC1)C(=O)C)C(=O)N2CC(=C[C@@H]2c3ccccc3)c4cc(F)ccc4F,>10,1,True
CN(CCC[NH3+])C(=O)N1CC(=C[C@@H]1c2ccccc2)c3cc(F)ccc3F,1.3,1,True
CC(C)(C[NH3+])C(=O)N1CC(=C[C@@H]1c2ccccc2)c3cc(F)ccc3F,2.2,1,True
CC(C)[C@@H]([NH3+])C(=O)N1CC(=C[C@@H]1c2ccccc2)c3cc(F)ccc3F,2.4,1,True
[NH3+][C@H](C1CC1)C(=O)N2CC(=C[C@@H]2c3ccccc3)c4cc(F)ccc4F,3.5,1,True
CC(C)(C)[C@@H]([NH3+])C(=O)N1CC(=C[C@@H]1c2ccccc2)c3cc(F)ccc3F,1.5,1,True
CC(C)(C)[C@@H](NC(=O)OCCO)C(=O)N1CC(=C[C@@H]1c2ccccc2)c3cc(F)ccc3F,25,1,True
O[C@H](C1CC1)C(=O)N2CC(=C[C@@H]2c3ccccc3)c4cc(F)ccc4F,11,1,True
CC(C)(C)C(=O)N1CC(=C[C@@H]1c2cccc(O)c2)c3cc(F)ccc3F,7.8,1,True
CC(C)[C@H]([NH3+])C(=O)N1CC(=C[C@@H]1c2cccc(O)c2)c3cc(F)ccc3F,8.5,1,True
[NH3+][C@@H](C1CC1)C(=O)N2CC(=C[C@@H]2c3cccc(O)c3)c4cc(F)ccc4F,5.6,1,True
O[C@@H](C1CC1)C(=O)N2CC(=C[C@@H]2c3cccc(O)c3)c4cc(F)ccc4F,18,1,True
CC(C)(C)[C@H](O)C(=O)N1CC(=C[C@@H]1c2cccc(O)c2)c3cc(F)ccc3F,7.8,1,True
CN(C)C(=O)N1CC(=C[C@@H]1c2cccc(O)c2)c3cc(F)ccc3F,33,1,True
CN(CCO)C(=O)N1CC(=C[C@@H]1c2cccc(O)c2)c3cc(F)ccc3F,15,1,True
CN(C1CC[NH2+]CC1)C(=O)N2CC(=C[C@@H]2c3cccc(O)c3)c4cc(F)ccc4F,6.6,1,True
C[NH+]1CC[NH+](CCCN([C@@H]2C[C@H]([C@@H]3C[C@H]23)c4ccc(cc4)C#N)C(=O)Nc5ccc(F)c(c5)C(F)(F)F)CC1,0.052,1,True
C[NH+]1CC[NH+](CCCN([C@@H]2C[C@H]([C@@H]3C[C@H]23)c4ccccc4)C(=O)Nc5ccc(F)c(Cl)c5)CC1,<<1,1,True
COC(=O)c1ccc(cc1)[C@@H]2C[C@H]([C@H]3C[C@@H]23)N(CCC[NH+]4CC[NH+](C)CC4)C(=O)Nc5ccc(F)c(c5)C(F)(F)F,<<1,1,True
C[NH+]1CC[NH+](CCCN([C@@H]2C[C@H]([C@@H]3C[C@H]23)c4ccc(F)cc4)C(=O)Nc5ccc(F)c(Cl)c5)CC1,<<1,1,True
COc1cccc(c1)[C@@H]2C[C@H]([C@H]3C[C@@H]23)N(CCC[NH+]4CC[NH+](C)CC4)C(=O)Nc5ccc(F)c(Cl)c5,<<1,1,True
C[NH+]1CC[NH+](CCCN([C@@H]2C[C@H]([C@@H]3C[C@H]23)c4ccc5ON[C@@H]([NH3+])c5c4)C(=O)Nc6ccc(F)c(c6)C(F)(F)F)CC1,0.69,1,True
C[NH+]1CC[NH+](CCCN([C@@H]2C[C@H]([C@@H]3C[C@H]23)[NH+]4[CH-]C=C(Cl)C(=C4)F)C(=O)Nc5ccc(F)c(c5)C(F)(F)F)CC1,<<1,1,True
C[NH+]1CC[NH+](CCCN([C@@H]2CC(=S3C=CC=C3)[C@@H]4C[C@H]24)C(=O)Nc5ccc(F)c(c5)C(F)(F)F)CC1,<<1,1,True
O[C@]1(CCCC[C@@H]1[NH+]2CCC3(CC2)[C@@H](CNC3=O)c4ccccc4)C5CCC(F)CC5,1.8,1,True
O=C1NC[C@@H](c2ccccc2)C13CC[NH+](CC3)[C@H]4CCCC[C@@H]4c5ccccc5,1.4,1,True
O[C@]1(CCOC[C@@H]1[NH+]2CCC3(CC2)[C@@H](CNC3=O)c4ccc(F)cc4)C5CCC(F)CC5,>24,1,True
Cc1nc2ccccc2n1C3C[C@H]4CC[C@@H](C3)[NH+]4CC[C@H](NC(=O)C5CCC5)c6ccccc6,<<1.0,1,True
O=C(N[C@@H](CC[NH+]1CCC(CC1)n2cnc(Cc3ccccc3)n2)c4ccccc4)C5CCC5,<<1.0,1,True
O=C(N[C@@H](CC[NH+]1CCC(CC1)N2COC(=N2)Cc3ccccc3)c4ccccc4)C5CCC5,<<1.0,1,True
Fc1ccc(CC(=O)NC2CC[NH+](CC[C@H](NC(=O)C3CCC3)c4ccccc4)CC2)cc1,<<1.0,1,True
CN(C)C(=[NH2+])c1ccc(cc1)C(=O)Nc2ccc(Sc3ccccc3)cc2C(=O)Nc4ccc(Cl)cn4,<<1,1,True
CCOC(=O)[C@H]1CCCN(C1)C(=[NH2+])c2ccc(cc2)C(=O)Nc3ccc(Cl)cc3C(=O)Nc4ccc(Cl)cn4,<<1,1,True
CCOC(=O)C1CCN(CC1)C(=[NH2+])c2ccc(cc2)C(=O)Nc3ccc(Cl)cc3C(=O)Nc4ccc(Cl)cn4,<<1,1,True
CCOC(=O)C1CCN(CC1)C(=[NH2+])c2ccc(C(=O)Nc3c(OC)cc(Cl)cc3C(=O)Nc4ccc(Cl)cn4)c(F)c2,<<1,1,True
C[NH+](C)C1CCN(CC1)C(=[NH2+])c2ccc(cc2)C(=O)Nc3ccc(Cl)cc3C(=O)Nc4ccc(Cl)cn4,<<1,1,True
COC(=O)c1ccc(Sc2ccc(NC(=O)c3ccc(cc3)C(=[NH2+])N(C)C)c(c2)C(=O)Nc4ccc(Cl)cn4)cc1,<<1,1,True
Cc1nc2ccccc2n1C3C[C@H]4COC[C@@H](C3)[NH+]4CC[C@H](NC(=O)C5CCC5)c6ccccc6,<<1,1,True
COC(=O)c1ccc(Oc2ccc(NC(=O)c3ccc(cc3)C(=[NH2+])N(C)C)c(c2)C(=O)Nc4ccc(Cl)cn4)cc1,<<1,1,True
CN(C)C(=[NH2+])c1ccc(C(=O)Nc2ccc(Cl)cc2C(=O)Nc3ccc(Cl)cn3)c(c1)N4CCCCC4,<<1,1,True
COc1ccc(NC(=O)c2ccc(cc2N3CCCCC3)C(=[NH2+])N(C)C)c(c1)C(=O)Nc4ccc(Cl)cn4,<<1,1,True
CCOC(=O)C1CCN(CC1)c2cc(ccc2C(=O)Nc3ccc(OC)cc3C(=O)Nc4ccc(Cl)cn4)C(=[NH2+])N(C)C,<<1,1,True
CN1CCN=C1c2ccc(cc2)C(=O)N3CCN(C[C@@H]3CC(=O)N4CCOCC4)S(=O)(=O)c5cc6ccc(Cl)cc6s5,<<1,1,True
CCOC(=O)[C@H]1CN(CC(=O)N1Cc2ccc(cc2)C(=[NH2+])N(C)C)S(=O)(=O)c3cc4cc(Cl)ccc4[nH]3,<<1,1,True
Cc1cc(C(=O)Nc2ccc(cc2)C(=[NH2+])N3CCCC3)n(n1)c4cc5ccccc5cc4C#N,<<1,1,True
C\C(=C(/F)\C(=O)Nc1ccc(cc1)c2ccccc2S(=O)(=O)N)\c3cccc(c3)C(=[NH2+])N,<<1,1,True
CCc1c(CC)n(C)c2CCC\C(=N/OC(=O)Nc3ccccc3)\c12,>30,0,False
CCc1c(C)[nH]c2CCC\C(=N/OC(=O)Nc3ccccc3)\c12,>30,0,False
CCc1c(C)[nH]c2CCC\C(=N/[N-]C(=O)Nc3ccccc3)\c12,21,1,True
Clc1ccc2c(c1)c(cn2c3ccccc3)C4CC[NH+](CCN5CCNC5=O)CC4,0.088,1,True
Fc1ccc(cc1)n2cc(C3=CC[NH+](CCN4CCNC4=O)CC3)c5cc(Cl)ccc25,0.01,1,True
Fc1ccc(cc1)n2cc(C3CC[NH+](CCN4CCNC4=O)CC3)c5ccccc25,0.007,1,True
[O-]C(=O)Cc1ccc(cc1)n2cc(C3CC[NH+](CCN4CCNC4=O)CC3)c5cc(Cl)ccc25,0.579,1,True
[O-]C(=O)c1ccc(cc1)n2cc(C3CC[NH+](CCN4CCNC4=O)CC3)c5cc(Cl)ccc25,75,0,False
Clc1ccc2c(c1)c(cn2C3CCCCC3)C4CC[NH+](CCN5CCNC5=O)CC4,0.137,1,True
COC(=O)Cc1ccc(cc1)n2cc(C3CC[NH+](CCN4CCNC4=O)CC3)c5cc(Cl)ccc25,0.131,1,True
COC(=O)c1ccc(cc1)n2cc(C3CC[NH+](CCN4CCNC4=O)CC3)c5cc(Cl)ccc25,0.036,1,True
CC(C)c1cn(c2ccc(F)cc2)c3ccc(Cl)cc13,>10,1,True
Fc1ccc(cc1)n2cc(C3CC[NH+](CCN4CCNC4=S)CC3)c5ccccc25,0.0062,1,True
CC(C)(O)c1ccc(cc1)[C@H](O)CCC[NH+]2CCC(CC2)C(O)(c3ccccc3)c4ccccc4,0.46,1,True
CC(C)(C)C1=C[C@@H]2C=CN([C@@H]2C=C1)c3ccc(F)cc3,>10,1,True
Fc1ccc(cc1)N2C[C@@H](C3CC[NH+](CCN4CCNC4=O)CC3)c5ccccc25,0.0235,1,True
Fc1ccc(cc1)n2cc(C3CC[NH2+]CC3)c4cc(Cl)ccc24,0.204,1,True
C[NH+](C)Cc1cc2cc(Cl)ccc2n1c3ccc(F)cc3,26,1,True
CCC(CC)c1cn(c2ccc(F)cc2)c3ccc(Cl)cc13,1.48,1,True
C[C@H](O)c1cn(c2ccc(F)cc2)c3ccc(Cl)cc13,4.55,1,True
CCC(=O)c1cn(c2ccc(F)cc2)c3ccc(Cl)cc13,1.947,1,True
CCC(O)(CC)c1cn(c2ccc(F)cc2)c3ccc(Cl)cc13,15.7,1,True
CC[C@H](O)c1cn(c2ccc(F)cc2)c3ccc(Cl)cc13,2.2,1,True
CCc1cn(c2ccc(F)cc2)c3ccc(Cl)cc13,3.5,1,True
CC(=O)c1cn(c2ccc(F)cc2)c3ccc(Cl)cc13,>10,1,True
COc1ccc(CC[NH+](C)CCCN(C(=O)c2ccc(cc2)[N+](=O)[O-])c3ccc(OC)c(OC)c3)cc1OC,0.0198,1,True
C[NH+](C)CC[C@@H](c1ccc(Br)cc1)c2ccccn2,,0,False
C[NH+](C)CC[C@H](c1ccc(Br)cc1)c2ccccn2,0.9,1,True
COc1ccc2C[C@@H]3[NH+](CCc4cc(OC)c(OC)cc34)[C@H](Cc5ccccc5)c2c1OC,2.51,1,True
CC(C)(C)[NH+]1CCC(CC1)(c2ccccc2)c3ccccc3,10.2,1,True
CCCC[NH+]1CCCC[C@@H]1C(=O)Nc2c(C)cccc2C,,1,True
CO[C@@]12CC[C@]3(C[C@@H]1[C@@](C)(O)C(C)(C)C)[C@@H]4Cc5ccc(O)c6O[C@H]2[C@@]3(CC[NH+]4CC7CC7)c56,7.58,1,True
C[C@@H]([NH2+]C(C)(C)C)C(=O)c1cccc(Cl)c1,79.4,0,False
O=C1CC2(CCCC2)CC(=O)N1CCCC[NH+]3CCN(CC3)c4ncccn4,3.98,1,True
CS(=O)(=O)OCCCCOS(=O)(=O)C,,0,False
CC(C)CC1(CC=C)C(=O)NC(=O)NC1=O,,0,False
CCNC(=O)N(CCC[NH+](C)C)C(=O)[C@@H]1C[C@H]2[C@@H](Cc3c[nH]c4cccc2c34)[NH+](CC=C)C1,,0,False
CN1C(=O)N(C)c2ncn(C)c2C1=O,4.9,1,True
C[C@H](CCCC(C)(C)O)[C@H]1CC[C@H]2\C(=C\C=C/3\C([C@H](C[C@@H](C3)O)O)=C)\CCC[C@]12C,,0,False
C[C@]12CCC(=O)C=C1C=C[C@H]3[C@@H]2CC[C@]4(C)[C@H]3CC[C@@]4(O)CCC(=O)[O-],104,0,False
C[C@]12CCC(=O)C=C1C=C[C@@H]3[C@H]2CC[C@@]4(C)[C@@H]3CC[C@@]4(O)CCC(=O)[O-],104.2,0,False
COc1cc(CNC(=O)CCCC\C=C\C(C)C)ccc1O,17.45,1,True
C[C@H](CS)C(=O)N1CCC[C@H]1C(=O)[O-],>1150,0,False
NC(=O)N1c2ccccc2C=Cc3ccccc13,2999.9,0,False
CCC[C@@](C)(COC(=O)N)COC(=O)NC(C)C,,0,False
CC(C)(C)[NH2+]C[C@@H](O)COc1cccc2NC(=O)CCc12,,0,False
COc1ccccc1OCC[NH2+]C[C@H](O)COC2=CC=CC3=Nc4ccccc4[C@H]23,10.42,1,True
COc1ccccc1OCC[NH2+]C[C@H](O)COc2cccc3[nH]c4ccccc4c23,0.51,1,True
Cc1ccc(cc1)c2cc(nn2c3ccc(cc3)S(=O)(=O)N)C(F)(F)F,10,0,False
COCc1c(nc(C(C)C)c(\C=C\[C@@H](O)C[C@@H](O)CC(=O)[O-])c1c2ccc(F)cc2)C(C)C,,0,False
[O-]C(=O)COCC[NH+]1CC[NH+](CC1)[C@H](c2ccccc2)c3ccc(Cl)cc3,30,1,True
C[C@@H]1O[C@@]2(CS1)C[NH+]3CCC2CC3,,0,False
[O-]C(=O)CCCc1ccc(cc1)N(CCCl)CCCl,,0,False
CNC1=[NH+]c2ccc(Cl)cc2C(=[N+]([O-])C1)c3ccccc3,,0,False
CC(C)(O)C(Cl)(Cl)Cl,4.37,1,True
C[NH+](C)CC[C@@H](c1ccc(Cl)cc1)c2ccccn2,0.426,1,True
CC[NH+](CC)CCC[C@@H](C)Nc1cc[nH+]c2cc(Cl)ccc12,2.5,1,True
NS(=O)(=O)c1cc2c(cc1Cl)[NH+]=C[N-]S2(=O)=O,,0,False
C[NH+](C)CCCN1c2ccccc2Sc3ccc(Cl)cc13,1.47,1,True
CCCNC(=O)[N-]S(=O)(=O)c1ccc(Cl)cc1,,0,False
NS(=O)(=O)c1cc(ccc1Cl)[C@@]2(O)NC(=O)c3ccccc23,,0,False
Clc1ccc2OC(=O)Nc2c1,,0,False
CCS(=O)(=O)C[NH2+][C@H]1[C@@H](O)C(C)(C)Oc2ccc(C[NH3+])cc12,6.6,1,True
C1C[NH+]=C(N1)[C@@H]2CC2(c3ccccc3)c4ccccc4,23,1,True
O=C1CCc2cc(OCCCCc3nnnn3C4CCCCC4)ccc2N1,,0,False
CNC(=[NH+]C#N)NCCSCc1[nH]cnc1C,10000,0,False
[O-]C(=O)C1=C[N+](=C2C=C(N3CC[NH2+]CC3)C(=C[C@H]2C1=O)F)C4CC4,966,0,False
CO[C@@H]1C[NH+](CCCOc2ccc(F)cc2)CC[C@H]1NC(=O)c3cc(Cl)c(N)cc3OC,0.02,1,True
CO[C@H]1C[NH+](CCCOc2ccc(F)cc2)CC[C@H]1NC(=O)c3cc(Cl)c(N)cc3OC,0.0184,1,True
C[NH+](C)CCC[C@@]1(OCc2cc(ccc12)C#N)c3ccc(F)cc3,3.98,1,True
CC(C)C[NH+]1CCC[C@@H](CNC(=O)C2=CC(=C(N)N3C=C(C)N[C@@H]23)Cl)C1,2.6,1,True
CC[C@@H]1OC(=O)[C@H](C)[C@H](O[C@H]2C[C@@](C)(OC)[C@@H](O)[C@H](C)O2)[C@H](C)[C@@H](O[C@@H]3O[C@H](C)C[C@H]([C@H]3O)[NH+](C)C)[C@](C)(C[C@@H](C)C(=O)[C@@H](C)[C@@H](O)[C@]1(C)O)OC,59,0,False
OC\C=C\1/O[C@@H]2CC(=O)N2[C@H]1C(=O)[O-],,0,False
COc1cc(N)c(Cl)cc1C(=O)NC2CC[NH+](Cc3ccccc3)CC2,0.61,1,True
C[NH+]1CCC[C@@H]1CCO[C@@](C)(c2ccccc2)c3ccc(Cl)cc3,0.012,1,True
CC(C)(C)[NH2+]C[C@@H](O)c1cc(Cl)c(N)c(Cl)c1,79.4,0,False
C[C@@H](C[NH+](C)C)[C@](C)(O)Cc1ccc(Cl)cc1,2.9,1,True
CCOC(=O)C(C)(C)Oc1ccc(Cl)cc1,,0,False
CCCCCCC[N+](CC)(CC)CCCCc1ccc(Cl)cc1,0.0026,1,True
CC[NH+](CC)CCOc1ccc(cc1)\C(=C(\Cl)/c2ccccc2)\c3ccccc3,0.18,1,True
[O-][N+](=O)c1ccc2NC(=O)CN=C(c3ccccc3Cl)c2c1,,0,False
Clc1cccc(Cl)c1[NH+]=C2NCCN2,,0,False
COC(=O)[C@@H]([NH+]1CCc2sccc2C1)c3ccccc3Cl,,0,False
[O-]C(=O)[C@H]1N=C(c2ccccc2)c3cc(Cl)ccc3NC1=O,,0,False
Clc1ccccc1C(c2ccccc2)(c3ccccc3)n4ccnc4,3.02,1,True
C[NH+]1CCN(CC1)C2=Nc3cc(Cl)ccc3Nc4ccccc24,0.256,1,True
C[NH+]1CC[NH+](CC1)[C@H]2N(O)c3cc(Cl)ccc3Nc4ccccc24,133.3,0,False
CCOC(=O)[C@H]1[C@H](C[C@H]2CC[C@H]1[NH+]2C)OC(=O)c3ccccc3,1.2,1,True
COC(=O)[C@@H]1[C@@H](C[C@@H]2CC[C@H]1[NH+]2C)OC(=O)c3ccccc3,7.2,1,True
COc1ccc2C[C@@H]3[C@@H]4C=C[C@H](O)[C@@H]5Oc1c2[C@]45CC[NH+]3C,301,0,False
Cc1nc2c(CCN(C(=O)c3ccc(NC(=O)c4ccccc4c5ccccc5)cc3)c6ccccc26)[nH]1,2.24,1,True
OC(COc1cccc2OC(=CC(=O)c12)C(=O)[O-])COc3cccc4OC(=CC(=O)c34)C(=O)[O-],,0,False
C[C@@H](CN1c2ccccc2Sc3ccc(cc13)C#N)C[NH+](C)C,0.87,1,True
C[C@H](CN1c2ccccc2Sc3ccc(cc13)C#N)C[NH+](C)C,0.47,1,True
C[NH+](C)CCC=C1c2ccccc2C=Cc3ccccc13,,0,False
ClCCN(CCCl)[P@@]1(=O)NCCCO1,,0,False
C[NH+]1CCC(=C2c3ccccc3C=Cc4ccccc24)CC1,,1,True
CCOc1ccccc1C(=O)NCCC[NH+]2CCOCC2,0.182,1,True
C[NH2+]CCC[C@@](C#N)(C(C)C)c1ccc(OC)c(OC)c1,>30,0,False
COc1ccc(cc1OC)[C@](CCC[NH3+])(C#N)C(C)C,>30,0,False
C[C@]12Cc3cnoc3C=C1CC[C@@H]4[C@@H]2CC[C@@]5(C)[C@H]4CC[C@@]5(O)C#C,,0,False
[O-][N+](=O)c1ccc(cc1)c2oc(\C=N\N3CC(=O)NC3=O)cc2,,0,False
NC(=O)C([C@@H]1CC[NH+](CCc2ccc3OCCc3c2)C1)(c4ccccc4)c5ccccc5,0.077,1,True
CC(C)CN(C[C@@H](O)[C@H](Cc1ccccc1)NC(=O)O[C@H]2CO[C@H]3OCC[C@@H]23)S(=O)(=O)c4ccc(N)cc4,,0,False
COc1cc2CC[NH+](C)[C@H](Cc3ccc(Oc4cc(C[C@H]5[NH+](C)CCc6cc(OC)c(OC)cc56)ccc4O)cc3)c2cc1OC,2.57,1,True
[O-]C(=O)c1ccc(cc1)N2N\C(=C/3\C=CC=CC3=O)\N/C/2=C\4/C=CC=CC4=O,,0,False
CC(C)Nc1cccnc1N2CCN(CC2)C(=O)C3=CC4=C[C@H](NS(=O)(=O)C)C=CC4=N3,,0,False
Oc1ccc(CC[NH+]2CCC(CC2)Nc3nc4ccccc4n3Cc5ccc(F)cc5)cc1,0.001,1,True
CCCC[NH2+]C[C@H](O)c1cc(Cl)cc2\C(=C/c3ccc(Cl)cc3)\c4cc(Cl)ccc4c12,5.49,1,True
C[NH2+]CCCN1c2ccccc2CCc3ccccc13,1.39,1,True
Clc1ccc2C(=C3CC[NH2+]CC3)c4ncccc4CCc2c1,4.46,1,True
Cc1nc(Nc2ncc(s2)C(=O)Nc3c(C)cccc3Cl)cc(n1)N4CC[NH+](CCO)CC4,238,0,False
CC[NH2+][C@@H](C)Cc1cccc(c1)C(F)(F)F,,1,True
C[C@@H](C[NH+]1CC(=O)NC(=O)C1)[NH+]2CC(=O)NC(=O)C2,>30,0,False
COc1ccc2C[C@H]3[C@H]4CCCC[C@@]4(CC[NH+]3C)c2c1,5.1,1,True
CN1C(=O)CN=C(c2ccccc2)c3cc(Cl)ccc13,,0,False
NS(=O)(=O)c1cc(Cl)c(Cl)c(c1)S(=O)(=O)N,,0,False
[O-]C(=O)Cc1ccccc1Nc2c(Cl)cccc2Cl,,0,False
OC[C@H]1CC[C@@H](O1)n2cnc3C(=O)N=CNc23,,0,False
[O-]C(=O)C1(CC[NH+](CCC(C#N)(c2ccccc2)c3ccccc3)CC1)c4ccccc4,,0,False
[O-]C(=O)c1cc(ccc1[O-])c2ccc(F)cc2F,,0,False
C[C@H]1O[C@H](C[C@H](O)[C@@H]1O)O[C@H]2[C@@H](O)C[C@H](O[C@H]3[C@@H](O)C[C@H](O[C@H]4CC[C@@]5(C)[C@H](CC[C@@H]6[C@@H]5CC[C@]7(C)[C@H](CC[C@]67O)C8=CC(=O)OC8)C4)O[C@@H]3C)O[C@@H]2C,0.0111,1,True
C[C@H]1O[C@H](C[C@H](O)[C@@H]1O)O[C@H]2[C@@H](O)C[C@H](O[C@H]3[C@@H](O)C[C@H](O[C@H]4CC[C@@]5(C)[C@H](CC[C@@H]6[C@@H]5C[C@@H](O)[C@]7(C)[C@H](CC[C@]67O)C8=CC(=O)OC8)C4)O[C@@H]3C)O[C@@H]2C,0.0539,1,True
C[C@]12CC[C@H]3[C@@H](CC[C@H]4CC(=O)CC[C@]34C)[C@@H]1CC[C@@H]2O,>1,1,True
COc1ccc(cc1)[C@@H]2Sc3ccccc3N(CC[NH+](C)C)C(=O)[C@@H]2OC(=O)C,17.3,1,True
OCCN(CCO)c1nc(N2CCCCC2)c3nc(nc(N4CCCCC4)c3n1)N(CCO)CCO,,0,False
CC(C)[NH+](CC[C@](C(=O)N)(c1ccccc1)c2ccccn2)C(C)C,7.23,1,True
CCN(CC)C(=S)SSC(=S)N(CC)CC,,0,False
C[NH+](CCOc1ccc(NS(=O)(=O)C)cc1)CCc2ccc(NS(=O)(=O)C)cc2,0.0103,1,True
O=C(OC1C[C@@H]2CC3C[C@H](C1)[NH+]2CC3=O)C4=C5C=CC=CC5=NC4,5.95,1,True
ClC1=CC2=NC(=O)[N+](=C2C=C1)C3CC[NH+](CCC[N+]4=C5C=CC=CC5=NC4=O)CC3,0.1621,1,True
COc1cc2C[C@H](CC3CC[NH+](Cc4ccccc4)CC3)C(=O)c2cc1OC,1.9953,1,True
C[C@@H](O)[C@@H]1[C@H]2[C@@H](C)C(=C(N2C1=O)C(=O)[O-])S[C@@H]3C[NH2+][C@H](CNS(=O)(=O)N)C3,,0,False
COc1cc2nc(nc(N)c2cc1OC)N3CCN(CC3)C(=O)[C@H]4COc5ccccc5O4,0.585,1,True
C[NH+](C)CC\C=C/1\c2ccccc2COc3ccccc13,6.4999,1,True
COc1cccc2C(=O)c3c(O)c4C[C@](O)(C[C@H](O[C@H]5C[C@H]([NH3+])[C@H](O)[C@H](C)O5)c4c(O)c3C(=O)c12)C(=O)CO,>30,0,False
C[NH+](C)CCO[C@@](C)(c1ccccc1)c2ccccn2,,0,False
CCCCCc1cc(O)c2[C@H]3C=C(C)CC[C@H]3C(C)(C)Oc2c1,,0,False
CCCC[NH+](CCCC)CCCOc1ccc(cc1)C(=O)c2c(CCCC)oc3ccc(NS(=O)(=O)C)cc23,1,1,True
Fc1ccc(cc1)C(=O)CCC[NH+]2CCC(=CC2)[N+]3=C4C=CC=CC4=NC3=O,0.032,1,True
CO\N=C\1/CN(CC12C[NH2+]C2)c3nc4N(C[C@@H](C(=O)[O-])C(=O)c4cc3F)C5CC5,218.1,0,False
CN1C(=O)N(C)c2ncn(C[C@H](O)CO)c2C1=O,,0,False
Cc1cccc(CC[NH+]2CCC(CC2)C(=O)c3ccc(NS(=O)(=O)C)cc3)n1,0.012,1,True
CC(C)(C)c1ccc(cc1)C(=O)CCC[NH+]2CCC(CC2)OC(c3ccccc3)c4ccccc4,0.331,1,True
COC(=O)[C@H]1[C@@H](O)C[C@@H]2CC[C@H]1[NH+]2C,6025,0,False
CCOP(=O)(Sc1ccccc1)Sc2ccccc2,50,0,False
FC(F)(F)[C@]1(OC(=O)Nc2ccc(Cl)cc12)C#CC3CC3,,0,False
Oc1cc(O)c2C[C@@H](OC(=O)c3cc(O)c(O)c(O)c3)[C@H](Oc2c1)c4cc(O)c(O)c(O)c4,6,1,True
COc1ccc(CC[NH+](C)CCCNC2=C(Cl)C=NNC2=O)cc1OC,6.6,1,True
O[C@@H](C[NH+]1CCC(Cc2ccc(F)cc2)CC1)c3ccc(Cl)cc3,0.02,1,True
CC1=C(N\N=C/2\C=CC=C(C2=O)c3cccc(c3)C(=O)[O-])C(=O)N(N1)c4ccc(C)c(C)c4,0.69,1,True
CC\N=C(\N1CCCc2cc(ccc12)C3=NNC(=O)S[C@@H]3C)/c4ccc(OC)c(OC)c4,6.6,1,True
CCOC(=O)[C@H](CCc1ccccc1)[NH2+][C@@H](C)C(=O)N2CCC[C@H]2C(=O)[O-],100,0,False
CCN(CC)C(=O)\C(=C\c1cc(O)c([O-])c(c1)[N+](=O)[O-])\C#N,,0,False
C[NH2+][C@@H](C)[C@H](O)c1ccccc1,,0,False
NC1=[NH+]C[C@@H]2N1c3ccccc3Cc4ccccc24,165.95,0,False
CCCCc1ncc(\C=C(\Cc2cccs2)/C(=O)[O-])n1Cc3ccc(cc3)C(=O)[O-],,0,False
COc1ccc(CNc2nnc(N3CCC4(CC3)CC(O)C4)c5ccc(cc25)C#N)cc1Cl,0.04,1,True
C[n+]1cc(cc2c3cccc4N=Cc(cc12)c34)C(=O)N[C@@]5(C)O[C@@]6(O)N([C@H](Cc7ccccc7)C(=O)n8cccc68)C5=O,,0,False
CC[C@H]1OC(=O)[C@@H](C)[C@@H](O[C@H]2C[C@@](C)(OC)[C@@H](O)[C@@H](C)O2)[C@@H](C)[C@@H](O[C@@H]3O[C@H](C)C[C@@H]([C@@H]3O)[NH+](C)C)[C@@](C)(O)C[C@@H](C)C(=O)[C@@H](C)[C@@H](O)[C@@]1(C)O,72,0,False
CC[C@H]1OC(=O)[C@H](C)[C@@H](O[C@H]2C[C@@](C)(OC)[C@@H](O)[C@H](C)O2)[C@H](C)[C@@H](O[C@@H]3O[C@H](C)C[C@@H]([C@H]3O)[NH+](C)C)[C@@](C)(O)C[C@@H](C)[C@H]([NH3+])[C@H](C)[C@@H](O)[C@]1(C)O,273.9,0,False
Clc1ccc2c(c1)C(=NCc3nncn23)c4ccccc4,,0,False
C[C@]12CC[C@H]3[C@@H](CCc4cc(OC(=O)N(CCCl)CCCl)ccc34)[C@@H]1CC[C@@H]2O,,0,False
C[C@]12CC[C@H]3[C@@H](CCc4cc(O)ccc34)[C@@H]1C[C@@H](O)[C@@H]2O,>0.001,1,True
C[C@]12CC[C@H]3[C@@H](CCc4cc(O)ccc34)[C@@H]1CCC2=O,>0.001,1,True
C[C@]12CC[C@H]3[C@@H](CCc4cc(OS(=O)(=O)[O-])ccc34)[C@@H]1CCC2=O,>0.01,1,True
CCC(=C)C(=O)c1ccc(OCC(=O)[O-])c(Cl)c1Cl,,0,False
CC[C@@H](CO)[NH2+]CC[NH2+][C@@H](CC)CO,,0,False
C[C@]12CC[C@H]3[C@@H](CCc4cc(O)ccc34)[C@@H]1CC[C@@]2(O)C#C,,0,False
CCc1cc(ccn1)C(=S)N,,0,False
CC[C@@]1(C)CC(=O)NC1=O,,0,False
CCc1cccc2c3CCO[C@@](CC)(CC(=O)[O-])c3[nH]c12,,0,False
COc1cc(cc(OC)c1O)[C@H]2[C@@H]3[C@H](COC3=O)[C@H](O[C@@H]4O[C@@H]5CO[C@@H](C)O[C@H]5[C@H](O)[C@H]4O)c6cc7OCOc7cc26,,0,False
NC(=[NH+]c1nc(CSCCC(=[NH+]S(=O)(=O)N)N)cs1)N,10,1,True
Fc1ccc(cc1)N2CC[NH+](CCCN3c4cccc5cccc(c45)S3(=O)=O)CC2,0.199,1,True
NC(=O)OCC(COC(=O)N)c1ccccc1,,0,False
CCOC(=O)C1=C(C)NC(=C([C@H]1c2cccc(Cl)c2Cl)C(=O)OC)C,,0,False
C[C@@H](C(=O)[O-])c1cccc(Oc2ccccc2)c1,,0,False
CCC(=O)N(C1CC[NH+](CCc2ccccc2)CC1)c3ccccc3,1.82,1,True
CC(C)(C(=O)[O-])c1ccc(cc1)[C@H](O)CCC[NH+]2CCC(CC2)C(O)(c3ccccc3)c4ccccc4,17.4,1,True
CC(C)(C)NC(=O)[C@H]1CC[C@H]2[C@H]3CC[C@H]4NC(=O)C=C[C@]4(C)[C@H]3CC[C@@]12C,,0,False
CO[C@@H]1C[C@@H](CC[C@H]1O)\C=C(/C)\[C@H]2OC(=O)[C@@H]3CCCCN3C(=O)C(=O)[C@]4(O)O[C@H]([C@H](C[C@@H](C)CC(=C[C@@H](CC=C)C(=O)C[C@H](O)[C@H]2C)C)OC)[C@H](C[C@H]4C)OC,,0,False
FC(F)(F)COc1ccc(OCC(F)(F)F)c(c1)C(=O)NC[C@H]2CCCC[NH2+]2,3.91,1,True
Fc1ccc(cc1)C([NH+]2CC[NH+](C\C=C\c3ccccc3)CC2)c4ccc(F)cc4,<10,1,True
C[NH2+]CC[C@@H](Oc1ccc(cc1)C(F)(F)F)c2ccccc2,0.83,1,True
Fc1ccc(cc1)C(CCC[NH+]2CCC3(CC2)N(CNC3=O)c4ccccc4)c5ccc(F)cc5,0.003,1,True
CC(C)C(=O)Nc1ccc(c(c1)C(F)(F)F)[N+](=O)[O-],,0,False
CC(C)n1c(\C=C/[C@@H](O)C[C@@H](O)CC(=O)[O-])c(c2ccc(F)cc2)c3ccccc13,,0,False
COCCCC\C(=N/OCC[NH3+])\c1ccc(cc1)C(F)(F)F,3.8,1,True
NS(=O)(=O)c1cc(C(=O)[O-])c(NCc2occc2)cc1Cl,,0,False
[NH3+]CC1(CC(=O)[O-])CCCCC1,>100,0,False
Nc1nc([O-])c2ncn(COC(CO)CO)c2n1,,0,False
COc1c(N2CC[NH2+][C@H](C)C2)c(F)cc3C(=O)[C@@H](C=[N+](C4CC4)c13)C(=O)[O-],128,0,False
Cc1ccc(C)c(OCCCC(C)(C)C(=O)[O-])c1,,0,False
C[NH+](C)CCCn1cc(C2=C(C(=O)NC2=O)c3c[nH]c4ccccc34)c5ccccc15,1,1,True
COc1ccc(Cl)cc1C(=O)NCCc2ccc(cc2)S(=O)(=O)[N-]C(=O)NC3CCCCC3,74.13,0,False
CCC1=C(C)CN(C(=O)NCCc2ccc(cc2)S(=O)(=O)[N-]C(=O)NC3CCC(C)CC3)C1=O,74.13,0,False
Cc1cnc(cn1)C(=O)NCCc2ccc(cc2)S(=O)(=O)[N-]C(=O)NC3CCCCC3,,0,False
CCCCCCCCC(=O)NCc1ccc(C[C@H](O)CO)c(OC)c1,0.1,1,True
C[NH+]1[C@@H]2CCC[C@H]1CC(C2)NC(=O)c3nn(C)c4ccccc34,3.71,1,True
C[C@@H]1CN(CC[NH2+]1)c2cc3c(C(=O)[C@@H](C=[N+]3C4CC4)C(=O)[O-])c(C)c2F,66.07,0,False
COc1ccccc1OC[C@@H](O)CO,,0,False
NC(=[NH2+])NC(=O)Cc1c(Cl)cccc1Cl,,0,False
CC(C)(C)OC(=O)N1CC[C@H]2C[NH+](C[C@H](O)COc3ccc(cc3)C#N)C[C@@H](C1)O2,0.0891,1,True
CCCC[NH+](CCCC)CC[C@@H](O)c1cc2c(Cl)cc(Cl)cc2c3cc(ccc13)C(F)(F)F,0.0308,1,True
OC1(CC[NH+](CCCC(=O)c2ccc(F)cc2)CC1)c3ccc(Cl)cc3,0.019,1,True
C[NH+]1CC[C@]23[C@H]4Oc5c(OC(=O)C)ccc(C[C@@H]1[C@@H]2C=C[C@@H]4OC(=O)C)c35,427,0,False
COc1ccc(cc1O)[C@@H]2CC(=O)c3c(O)cc(O)cc3O2,288.8,0,False
CN([C@H]1[C@H](O)C(C)(C)Oc2ccc(OCCCC(F)(F)F)cc12)S(=O)(=O)C,10,1,True
CC(C)(C[NH+]1CCC(=C2c3ccc(F)cc3COc4ccccc24)CC1)C(=O)[O-],10,1,True
NS(=O)(=O)c1cc2c(NCNS2(=O)=O)cc1Cl,,0,False
COc1ccc2C[C@@H]3[C@@H]4CCC(=O)[C@@H]5Oc1c2[C@]45CC[NH+]3C,,0,False
NS(=O)(=O)c1cc2c(NCNS2(=O)=O)cc1C(F)(F)F,,0,False
C[NH+]1CC[C@@]23[C@H]4CCC(=O)[C@@H]2Oc5c(O)ccc(C[C@@H]14)c35,,0,False
OCCOCC[NH+]1CC[NH+](CC1)[C@H](c2ccccc2)c3ccc(Cl)cc3,0.62,1,True
CC[NH+](CCO)CCC[C@@H](C)Nc1cc[nH+]c2cc(Cl)ccc12,,0,False
O[C@H](CCC[NH+]1CCC(O)(CC1)c2ccc(Cl)cc2)c3ccc(F)cc3,2.6,1,True
NC(=O)N[O-],,0,False
C[NH+]1[C@@H]2CC[C@H]1CC(C2)OC(=O)[C@H](CO)c3ccccc3,,1,True
CC(C)Cc1ccc(cc1)[C@@H](C)C(=O)[O-],,0,False
CCCCCCC[NH+](CC)CCC[C@@H](O)c1ccc(NS(=O)(=O)C)cc1,0.028,1,True
CC(C)[NH2+][C@@H](C)[C@@H](O)COc1ccc(C)c2CCCc12,9.2,1,True
C[C@@H]([C@@H](O)c1ccc(O)cc1)[NH+]2CCC(Cc3ccccc3)CC2,0.1,1,True
C[NH+](C)CCCN1c2ccccc2CCc3ccccc13,3.4,1,True
C[C@H]1Cc2ccccc2N1NC(=O)c3ccc(Cl)c(c3)S(=O)(=O)N,,0,False
CC(C)(C)NC(=O)[C@@H]1C[NH+](Cc2cccnc2)CC[NH+]1C[C@@H](O)C[C@@H](Cc3ccccc3)C(=O)N[C@@H]4[C@H](O)Cc5ccccc45,,0,False
COc1ccc2c(c1)c(CC(=O)[O-])c(C)n2C(=O)c3ccc(Cl)cc3,300,0,False
Oc1c(I)cc(I)c2cccnc12,,0,False
Cc1cccc(C)c1NC(=O)[C@H]2CCCC[NH+]2CC3CC3,20,1,True
CCCCC1=NC2(CCCC2)C(=O)N1Cc3ccc(cc3)c4ccccc4c5nn[n-]n5,193,0,False
CC(C)CN1C(=O)N(C)C(=O)c2[nH]cnc12,10,1,True
C[NH2+][C@H](C)CCC=C(C)C,,0,False
NNC(=O)c1ccncc1,,0,False
CC(C)[NH2+]C[C@@H](O)c1ccc(O)c(O)c1,,1,True
O[C@H]1CO[C@@H]2[C@@H](CO[C@H]12)O[N+](=O)[O-],,0,False
C\C(=C/C=C/C(=C/C(=O)[O-])/C)\C=C/C1=C(C)CCCC1(C)C,,0,False
COC(=O)C1=C(C)NC(=C([C@@H]1c2cccc3nonc23)C(=O)OC(C)C)C,50.1187,1,True
Oc1ccc2C(=O)C=C(Oc2c1)C(=O)NC3CC[NH+](Cc4ccc5OCOc5c4)CC3,63.7,0,False
FC(F)Oc1ccc2C(=O)C=C(Oc2c1)C(=O)NC3CC[NH+](Cc4ccc5OCOc5c4)CC3,3.6,1,True
CCc1ccc2C(=O)C=C(Oc2c1)C(=O)NC3CC[NH+](Cc4ccc5OCOc5c4)CC3,7.4,1,True
COc1ccc2C(=O)C=C(Oc2c1)C(=O)NC3CC[NH+](Cc4ccc5OCOc5c4)CC3,11.5,1,True
Brc1ccc2C(=O)C=C(Oc2c1)C(=O)NC3CC[NH+](Cc4ccc5OCOc5c4)CC3,2.5,1,True
Clc1ccc2C(=O)C=C(Oc2c1)C(=O)NC3CC[NH+](Cc4ccc5OCOc5c4)CC3,3.6,1,True
Fc1ccc2C(=O)C=C(Oc2c1)C(=O)NC3CC[NH+](Cc4ccc5OCOc5c4)CC3,15.1,1,True
[N-]=[C+]c1ccc2C(=O)C=C(Oc2c1)C(=O)NC3CC[NH+](Cc4ccc5OCOc5c4)CC3,5,1,True
Fc1ccc2OC(=CC(=O)c2c1)C(=O)NC3CC[NH+](Cc4ccc5OCOc5c4)CC3,4,1,True
O=C(NC1CC[NH+](Cc2ccc3OCOc3c2)CC1)C4=CC(=O)c5ccccc5O4,6.7,1,True
Fc1cc2C(=O)C=C(Oc2cc1Cl)C(=O)NC3CC[NH+](Cc4ccc5OCOc5c4)CC3,10.5,1,True
COc1cc2OC(=CC(=O)c2cc1F)C(=O)NC3CC[NH+](Cc4ccc5OCOc5c4)CC3,15.9,1,True
Clc1cc2OC(=CC(=O)c2cc1Cl)C(=O)NC3CC[NH+](Cc4ccc5OCOc5c4)CC3,6.2,1,True
Fc1ccc2C(=O)C=C(Oc2c1)C(=O)NC3CC[NH+](Cc4ccccc4)CC3,19.9,1,True
Fc1ccc2C(=O)C=C(Oc2c1)C(=O)NC3CC[NH+](Cc4ccc5OC(F)(F)Oc5c4)CC3,5.6,1,True
Fc1ccc2C(=O)C=C(Oc2c1)C(=O)NC3CC[NH+](Cc4cc5OCOc5cc4Cl)CC3,13.5,1,True
Fc1ccc2C(=O)C=C(Oc2c1)C(=O)NC3CC[NH+](Cc4ccc5OCCOc5c4)CC3,12.2,1,True
COc1cccc(C[NH+]2CCC(CC2)NC(=O)C3=CC(=O)c4ccc(F)cc4O3)c1,10.4,1,True
COc1ccc(C[NH+]2CCC(CC2)NC(=O)C3=CC(=O)c4ccc(F)cc4O3)cc1,5.4,1,True
Fc1cccc(C[NH+]2CCC(CC2)NC(=O)C3=CC(=O)c4ccc(F)cc4O3)c1,21.2,1,True
COc1ccc(C[NH+]2CCC(CC2)NC(=O)C3=CC(=O)c4ccc(F)cc4O3)c(F)c1,14.7,1,True
COc1ccc(C[NH+]2CCC(CC2)NC(=O)C3=CC(=O)c4ccc(F)cc4O3)cc1F,8.5,1,True
CC(=O)c1ccc(C[NH+]2CCC(CC2)NC(=O)C3=CC(=O)c4ccc(F)cc4O3)cc1,20.3,1,True
CC(=O)Nc1ccc(C[NH+]2CCC(CC2)NC(=O)C3=CC(=O)c4ccc(F)cc4O3)cc1,47.7,0,False
CO[C@@H]1[C@@H](CC(=O)O[C@H](C)C\C=C/C=C/[C@H](O)[C@H](C)C[C@H](CC=O)[C@H]1O[C@H]2O[C@H](C)[C@H](O[C@@H]3C[C@@](C)(O)[C@H](OC(=O)CC(C)C)[C@@H](C)O3)[C@@H]([C@H]2O)[NH+](C)C)OC(=O)C,102,0,False
Fc1ccc(cc1)C(=O)C2CC[NH+](CCN3C(=O)Nc4ccccc4C3=O)CC2,0.107,1,True
CC(=O)N1CCN(CC1)c2ccc(OC[C@@H]3CO[C@@](Cn4ccnc4)(O3)c5ccc(Cl)cc5Cl)cc2,1.9,1,True
C[C@H](C(=O)[O-])c1cccc(c1)C(=O)c2ccccc2,,0,False
[O-]C(=O)[C@@H]1CCn2c1ccc2C(=O)c3ccccc3,,0,False
CN1C(=O)[C@H](NC(=O)Nc2cccc(C)c2)N=C(c3ccccc3)c4ccccc14,1.1,1,True
CS(=O)(=O)Nc1ccc2OC3(CC[NH+](CCc4ccc5nonc5c4)CC3)CC(=O)c2c1,0.008,1,True
FC(F)(F)CN1C(=O)[C@H](NC(=O)Cc2ccc(cc2C(F)(F)F)C(F)(F)F)N=C(c3ccccc3)c4ccccc14,8.71,1,True
CC[C@H](OC(=O)C)C(C[C@H](C)[NH+](C)C)(c1ccccc1)c2ccccc2,2.45,1,True
CC[C@@H](OC(=O)C)C(C[C@@H](C)[NH+](C)C)(c1ccccc1)c2ccccc2,2.18,1,True
C[C@H](CCc1ccccc1)[NH2+]C[C@@H](O)c2ccc([O-])c(c2)C(=O)N,,0,False
C[NH+](C)C[C@@H](c1ccc(O)cc1)C2(O)CCCCC2,,0,False
NC1=NC(=O)N(C=C1)[C@@H]2CS[C@@H](CO)O2,,0,False
Nc1nnc(c(N)n1)c2cccc(Cl)c2Cl,229.1,0,False
Cc1c(OCC(F)(F)F)ccnc1C[S@@](=O)c2nc3ccccc3[nH]2,,0,False
CS(=O)(=O)CC[NH2+]Cc1oc(cc1)c2ccc3ncnc(Nc4ccc(OCc5cccc(F)c5)c(Cl)c4)c3c2,1.11,1,True
N#Cc1ccc(cc1)C(c2ccc(cc2)C#N)n3cncn3,,0,False
C1CN2C[C@H](N=C2S1)c3ccccc3,,0,False
CC[C@@H](N1CCCC1=O)C(=O)N,,0,False
CCCC[NH+]1CCCC[C@H]1C(=O)Nc2c(C)cccc2C,20.7,1,True
C[C@@H]1COc2c(N3CC[NH+](C)CC3)c(F)cc4C(=O)C(=CN1c24)C(=O)[O-],912,0,False
C[NH+]1CC[C@]23CCCC[C@H]2[C@H]1Cc4ccc(O)cc34,,0,False
[NH3+][C@@H](Cc1cc(I)c(Oc2cc(I)c(O)c(I)c2)c(I)c1)C(=O)[O-],,0,False
Cc1cccc(C)c1NC(=O)C[NH+]2CC[NH+](CCCC(c3ccc(F)cc3)c4ccc(F)cc4)CC2,0.0158,1,True
CC[NH+](CC)CC(=O)Nc1c(C)cccc1C,263,0,False
[NH3+]CCCC[C@H]([NH2+][C@H](CCc1ccccc1)C(=O)[O-])C(=O)N2CCC[C@H]2C(=O)[O-],,0,False
CS(=O)(=O)Nc1ccc2OC3(CC[NH+](CC3)[C@@H]4CCc5cc(ccc5C4)C#N)CC(=O)c2c1,0.34,1,True
CCN1C=C(C(=O)[O-])C(=O)c2cc(F)c(N3CC[NH2+][C@H](C)C3)c(F)c12,2400,0,False
ClCCN(N=O)C(=O)NC1CCCCC1,,0,False
CN(C)C(=O)C(CC[NH+]1CCC(O)(CC1)c2ccc(Cl)cc2)(c3ccccc3)c4ccccc4,,0,False
CC(C)[C@H](N1CCCNC1=O)C(=O)N[C@@H](C[C@H](O)[C@@H](Cc2ccccc2)NC(=O)COc3c(C)cccc3C)Cc4ccccc4,8.6,1,True
CCOC(=O)N1CCC(=C2c3ccc(Cl)cc3CCc4cccnc24)CC1,2.3,1,True
O[C@@H]1N=C(c2ccccc2Cl)c3cc(Cl)ccc3NC1=O,,0,False
CCCCc1nc(Cl)c(CO)n1Cc2ccc(cc2)c3ccccc3c4nn[n-]n4,7.76,1,True
CC[C@@H](C)C(=O)O[C@H]1C[C@@H](C)C=C2C=C[C@@H](C)[C@@H](CC[C@H]3C[C@H](O)CC(=O)O3)[C@@H]12,12.5,1,True
C[NH+]1CCN(CC1)C2=Nc3ccccc3Oc4ccc(Cl)cc24,,0,False
CCCC[NH+](CCCC)C[C@H](O)c1cc(Cl)cc2\C(=C\c3ccc(Cl)cc3)\c4cc(Cl)ccc4c12,8.1,1,True
CCCCCCC[NH+](CC)CCCCc1ccc(cc1)[N+](=O)[O-],0.0016,1,True
CC(C)(NC(=O)c1ccc(O)cc1)C(=O)[O-],300,0,False
C[NH2+]CCCC12CCC(c3ccccc13)c4ccccc24,3.1,1,True
CC(C)c1nnc(C)n1C2C[C@H]3CC[C@@H](C2)[NH+]3CC[C@H](NC(=O)C4CCC(F)(F)CC4)c5ccccc5,42.6,1,True
O=C1CCC(=NN1)c2ccc(Nc3cc[nH+]cc3)cc2,1.04,1,True
COc1cccc([C@H](O)C2CC[NH+](CCc3ccc(F)cc3)CC2)c1OC,1,1,True
O[C@H]1C[NH+]2[C@H]3CC(C[C@H]2CC1C3)OC(=O)c4c[nH]c5ccccc45,12.02,1,True
C[NH2+][C@@]1(C)[C@@H]2CC[C@H](C2)C1(C)C,,0,False
Cc1cccc(Nc2ccccc2C(=O)[O-])c1C,,0,False
O[C@H]([C@H]1CCCC[NH2+]1)c2cc(nc3c(cccc23)C(F)(F)F)C(F)(F)F,2.56,1,True
CC(=O)O[C@@]1(CC[C@H]2[C@H]3C=C(C)C4=CC(=O)CC[C@]4(C)[C@H]3CC[C@@]12C)C(=O)C,,0,False
CN1C(=C([O-])c2ccccc2S1(=O)=O)C(=O)Nc3ncc(C)s3,,0,False
[NH3+][C@@H](Cc1ccc(cc1)N(CCCl)CCCl)C(=O)[O-],,0,False
CC[C@@]1(C(=O)NC(=O)N(C)C1=O)c2ccccc2,,0,False
C[NH+]1CCCC[C@@H]1C(=O)Nc2c(C)cccc2C,156.2,0,False
CCCC(C)(COC(=O)N)COC(=O)N,,0,False
S=C1NC=[NH+]c2nc[nH]c12,,0,False
Nc1ccc([O-])c(c1)C(=O)[O-],,0,False
C[NH+]1CCCC[C@@H]1CCN2c3ccccc3Sc4ccc(cc24)[S@](=O)C,0.55,1,True
CC(C)[NH2+]C[C@@H](O)c1cc(O)cc(O)c1,,0,False
Cc1cc(C)cc(OC[C@H]2CNC(=O)O2)c1,,0,False
CN(C)C(=[NH2+])NC(=[NH2+])N,,0,False
CCC(=O)C(C[C@@H](C)[NH+](C)C)(c1ccccc1)c2ccccc2,9.77,1,True
C[NH2+][C@H](C)Cc1ccccc1,,0,False
CN1N=C(S/C/1=N\C(=O)C)S(=O)(=O)N,,0,False
COc1ccccc1OC[C@@H](O)COC(=O)N,,0,False
COc1c2OC(=O)C=Cc2cc3ccoc13,,0,False
COc1ccc(CC[NH+](C)CCC[C@](C#N)(C(C)C)c2cc(OC)c(OC)c(OC)c2)cc1OC,6.6,1,True
CN1C(=O)C[C@](C)(C1=O)c2ccccc2,,0,False
CN1[C@H](CCl)Nc2cc(Cl)c(cc2S1(=O)=O)S(=O)(=O)N,,0,False
COC(=O)C1=CC[C@H]2CC[C@H]1[NH+]2C,169.82,0,False
C[N@@+]1(CC2CC2)CC[C@]34[C@H]5Oc6c(O)ccc(C[C@@H]1[C@]3(O)CCC5=O)c46,1606,0,False
COC(=O)[C@@H]([C@H]1CCCC[NH2+]1)c2ccccc2,,0,False
CC[NH+](CC)CCNC(=O)c1cc(Cl)c(N)cc1OC,5.4,1,True
C[C@@H]1Nc2cc(Cl)c(cc2C(=O)N1c3ccccc3C)S(=O)(=O)N,,0,False
COCCc1ccc(OC[C@@H](O)C[NH2+]C(C)C)cc1,145,0,False
C[C@]([NH3+])(Cc1ccc(O)cc1)C(=O)[O-],,0,False
C[C@@H]([NH3+])COc1c(C)cccc1C,10,1,True
C[NH+]1CCN2[C@@H](C1)c3ccccc3Cc4ccccc24,14.78,1,True
COCC(=O)O[C@@]1(CC[NH+](C)CCCc2nc3ccccc3[nH]2)CCc4cc(F)ccc4[C@H]1C(C)C,1.44,1,True
Clc1ccc(CO[C@@H](Cn2ccnc2)c3ccc(Cl)cc3Cl)c(Cl)c1,2.09,1,True
Cc1ncc2CN=C(c3ccccc3F)c4cc(Cl)ccc4n12,,0,False
COc1ccc(OC)c(c1)[C@@H](O)CNC(=O)C[NH3+],,0,False
OCC[NH+]1C[C@H](O)[C@@H](O)[C@H](O)[C@H]1CO,,0,False
C[NH+]1CCN2[C@H](C1)c3ccccc3Cc4cccnc24,,1,True
Fc1ccc(Cn2c(nc3ccccc23)N4CCC(CNC5=[NH+]C=CC(=O)N5)CC4)cc1,0.35,1,True
CCCC[C@](C)(O)C\C=C\[C@H]1[C@H](O)CC(=O)[C@@H]1CCCCCCC(=O)OC,,0,False
ClC(Cl)[C@H](c1ccc(Cl)cc1)c2ccccc2Cl,,0,False
OCC[NH2+]CCNc1ccc(NCC[NH2+]CCO)c2C(=O)c3c([O-])ccc([O-])c3C(=O)c12,,1,True
CS(=O)(=O)Nc1ccc2OC3(CC[NH+](CC3)[C@@H]4CCc5cc(ccc5C4)C#N)C[C@H](O)c2c1,0.021,1,True
Clc1ccc(cc1)C(=O)NCC[NH+]2CCOCC2,79.43,0,False
NC(=O)C[S@@](=O)C(c1ccccc1)c2ccccc2,,0,False
CC[C@H]1C(=NC2=C1C(=O)[C@@H](C[NH+]3CCOCC3)CC2)C,,0,False
CC(C)(O)c1ccccc1CC[C@@H](SCC2(CC(=O)[O-])CC2)c3cccc(\C=C/c4ccc5ccc(Cl)cc5n4)c3,,0,False
OC1=C(Oc2cc(O)cc(O)c2C1=O)c3ccc(O)cc3O,111.4,0,False
C[NH+]1CC[C@]23[C@H]4Oc5c(O)ccc(C[C@@H]1[C@@H]2C=C[C@@H]4O)c35,1000,0,False
CCOc1cc(N)c(Cl)cc1C(=O)NC[C@H]2C[NH+](Cc3ccc(F)cc3)CCO2,7.76,1,True
COc1c(N2C[C@H]3CCC[NH2+][C@H]3C2)c(F)cc4C(=O)[C@@H](C=[N+](C5CC5)c14)C(=O)[O-],128.82,0,False
CC[C@H]1OC(=O)[C@H](C)[C@@H](O[C@H]2C[C@@](C)(OC)[C@@H](O)[C@H](C)O2)[C@H](C)[C@@H](O[C@@H]3O[C@H](C)C[C@H]([NH2+]C)[C@H]3O)[C@](C)(O)C[C@@H](C)C(=O)[C@H](C)[C@@H](O)[C@]1(C)O,147,0,False
Cc1cc2C(=Nc3ccccc3Nc2s1)N4CC[NH2+]CC4,14,1,True
[NH3+]C[C@@H](O)COc1ccccc1C(=O)CCc2ccccc2,239.9,1,True
CCCC[NH2+]CC[C@H](O)c1cc2c(Cl)cc(Cl)cc2c3cc(ccc13)C(F)(F)F,0.0717,1,True
Clc1ccc2Nc3ccccc3C(=Nc2c1)N4CC[NH2+]CC4,4,1,True
CC[C@H]1OC(=O)[C@@H](C)[C@@H](O[C@H]2C[C@](C)(O)[C@@H](O)[C@@H](C)O2)[C@@H](C)[C@@H](O[C@@H]3O[C@H](C)C[C@@H]([C@@H]3O)[NH+](C)C)[C@@](C)(O)C[C@@H](C)C(=O)[C@@H](C)[C@@H](O)[C@@]1(C)O,147,0,False
CN([C@H](C[NH+]1CC[C@H](O)C1)c2ccccc2)C(=O)Cc3ccc(CNS(=O)(=O)C)cc3,10,1,True
COc1ccc2cc(CCC(=O)C)ccc2c1,,0,False
CC(C)(C)[NH2+]C[C@@H](O)COc1cccc2C[C@@H](O)[C@@H](O)Cc12,,0,False
Oc1ccc2C[C@H]3[NH+](CC4CC4)CC[C@@]56[C@@H](Oc1c25)C(=O)CC[C@@]36O,,0,False
CC[NH+](CC)CCNC(=O)c1ccc(NC(=O)C)cc1,,0,False
COc1ccc2cc(ccc2c1)[C@H](C)C(=O)[O-],,0,False
CNS(=O)(=O)CCc1ccc2N=C[C@@H](C3CC[NH+](C)CC3)c2c1,,0,False
Oc1ccc(cc1)[C@@H]2CC(=O)c3c(O)cc(O)cc3O2,36.5,1,True
CC(C)C1CCC(CC1)C(=O)N[C@H](Cc2ccccc2)C(=O)[O-],,0,False
O[C@H](C[NH2+]C[C@@H](O)[C@H]1CCc2cc(F)ccc2O1)[C@H]3CCc4cc(F)ccc4O3,0.3,1,True
CCC1=NN(CCC[NH+]2CCN(CC2)c3cccc(Cl)c3)C(=O)N1CCOc4ccccc4,,0,False
COc1ccc(C[C@H]2[NH+](C)CCc3cc(OC)c(Oc4cc(C[C@H]5[NH+](C)CCc6cc(OC)c(OC)cc56)ccc4O)cc23)cc1,7.419,1,True
Cc1c(O)cccc1C(=O)N[C@@H](CSc2ccccc2)[C@H](O)C[NH+]3C[C@H]4CCCC[C@H]4C[C@H]3C(=O)NC(C)(C)C,11.5,1,True
Cc1ccnc2N(C3CC3)c4ncccc4C(=O)Nc12,,0,False
[O-]C(=O)c1cccnc1,,0,False
[O-][N+](=O)OCCNC(=O)c1cccnc1,>100,0,False
C[NH+]1CCC[C@@H]1c2cccnc2,245,0,False
COC(=O)C1=C(C)NC(=C(C1c2ccccc2[N+](=O)[O-])C(=O)OC)C,616.59,0,False
CN1C(=O)C=C(NCC[NH+](CCO)CCCc2ccc(cc2)[N+](=O)[O-])N(C)C1=O,1.45,1,True
Cc1cn(cn1)c2cc(NC(=O)c3ccc(C)c(Nc4nccc(n4)c5cccnc5)c3)cc(c2)C(F)(F)F,0.12,1,True
CC1(C)NC(=O)N(C1=O)c2ccc(c(c2)C(F)(F)F)[N+](=O)[O-],,0,False
COCCOC(=O)C1=C(C)NC(=C([C@@H]1c2cccc(c2)[N+](=O)[O-])C(=O)OC(C)C)C,,0,False
COc1ccc(CC(=O)Nc2cc3[C@H]([NH2+]C4CC4)[C@@H](O)C(C)(C)Oc3cc2[N+](=O)[O-])cc1,44,0,False
COC(=O)C1=C(C)NC(=C([C@@H]1c2ccccc2[N+](=O)[O-])C(=O)OCC(C)C)C,,0,False
CCOC(=O)C1=C(C)NC(=C([C@H]1c2cccc(c2)[N+](=O)[O-])C(=O)OC)C,114.81,0,False
CN\C(=C\[N+](=O)[O-])\NCCSCc1csc(C[NH+](C)C)n1,,0,False
CC[C@@H](O)C(C[C@@H](C)[NH2+]C)(c1ccccc1)c2ccccc2,12,1,True
Fc1ccc(Cn2c(NC3CC[NH2+]CC3)nc4ccccc24)cc1,0.028,1,True
[NH3+]CC[C@H](Oc1ccc(cc1)C(F)(F)F)c2ccccc2,2.3,1,True
CCC(=O)O[C@@](Cc1ccccc1)([C@H](C)C[NH2+]C)c2ccccc2,3.63,1,True
C[NH2+]CCC=C1c2ccccc2CCc3ccccc13,,1,True
COc1ccc(CC[NH2+]CCC[C@](C#N)(C(C)C)c2ccc(OC)c(OC)c2)cc1OC,3.16,1,True
CC(C)(Cc1ccc2ccccc2c1)[NH2+]C[C@@H](O)COc3cccc(Cl)c3C#N,0.19,1,True
[NH3+]CC[C@@H](O)c1cc2c(Cl)cc(Cl)cc2c3cc(ccc13)C(F)(F)F,0.71,1,True
C[C@H]1COc2c(N3CC[NH+](C)CC3)c(F)cc4C(=O)C(=CN1c24)C(=O)[O-],1412,0,False
C[NH+]1CCN(CC1)C2=Nc3ccccc3Nc4sc(C)cc24,0.181,1,True
CO[C@@H]1C[C@H](O[C@H]2[C@@H](C)[C@@H](O[C@@H]3O[C@H](C)C[C@@H]([C@@H]3O)[NH+](C)C)[C@@H](C)C[C@@]4(CO4)C(=O)[C@@H](C)[C@@H](O)[C@@H](C)[C@@H](C)OC(=O)[C@H]2C)O[C@H](C)[C@@H]1O,309,0,False
COc1ccc2nc([nH]c2c1)[S@](=O)Cc3ncc(C)c(OC)c3C,,0,False
Cc1nccn1C[C@H]2CCc3c(C2=O)c4ccccc4n3C,0.81,1,True
COc1ccc(C[NH2+]C[C@@H](O)COc2ccc3NC(=O)C=Cc3c2)cc1OC,0.955,1,True
CCCCCCCCCCC[C@@H](C[C@@H]1OC(=O)[C@H]1CCCCCC)OC(=O)[C@H](CC(C)C)NC=O,,0,False
C[NH+](C)CCO[C@H](c1ccccc1)c2ccccc2C,0.85,1,True
C[C@H]1O[C@H](O[C@@H]2C[C@H](O)[C@@]3(CO)[C@H]4[C@H](O)C[C@@]5(C)[C@H](CC[C@@]5(O)[C@@H]4CC[C@]3(O)C2)C6=CC(=O)OC6)[C@@H](O)[C@@H](O)[C@@H]1O,0.0152,1,True
[O-]C(=O)CCc1oc(c2ccccc2)c(n1)c3ccccc3,,0,False
O=C1Nc2ccccc2N1CCC[NH+]3CC[NH+](CC3)C(c4ccccc4)c5ccccc5,0.355,1,True
NC(=O)N1c2ccccc2CC(=O)c3ccccc13,,0,False
CC[NH+](CC)CC#CCOC(=O)[C@](O)(C1CCCCC1)c2ccccc2,25.11,1,True
COc1ccc2C[C@H]3[NH+](C)CC[C@@]45[C@@H](Oc1c24)C(=O)CC[C@@]35O,,0,False
CC1=C(CC[NH+]2CCC(CC2)c3noc4cc(F)ccc34)C(=O)N5CCC[C@H](O)C5=N1,1.2,1,True
O=C1N(C[C@@H]2CCCc3cccc1c23)[C@@H]4C[NH+]5CCC4CC5,204,0,False
CN1C(=O)N(C)c2nc(Br)[nH]c2C1=O,,0,False
COc1ccnc(C[S@](=O)c2nc3cc(OC(F)F)ccc3[nH]2)c1OC,,0,False
COc1ccc(Cc2nccc3cc(OC)c(OC)cc23)cc1OC,7.3,1,True
Fc1ccc(cc1)[C@@H]2CC[NH2+]C[C@@H]2COc3ccc4OCOc4c3,,0,False
NC1=NC(=O)[C@H](O1)c2ccccc2,,0,False
NC(=[NH2+])c1ccc(OCCCCCOc2ccc(cc2)C(=[NH2+])N)cc1,>1000,0,False
C[C@H]1[C@H]2Cc3ccc(O)cc3[C@]1(C)CC[NH+]2CC=C(C)C,,0,False
CCC[C@@H](C)C1(CC)C(=O)NC(=O)NC1=O,131.82,0,False
CN1C(=O)N(CCCCC(=O)C)C(=O)c2c1ncn2C,,0,False
CC[NH+](CC)CCOCCOC(=O)C1(CCCC1)c2ccccc2,3,1,True
CCC[NH+]1C[C@H](CSC)C[C@H]2[C@H]1C[C@H]3C=Nc4cccc2c34,0.12,1,True
C(C(C1CCCCC1)C2CCCCC2)[C@@H]3CCCC[NH2+]3,7.8,1,True
OCC[NH+]1CC[NH+](CCCN2c3ccccc3Sc4ccc(Cl)cc24)CC1,1,1,True
CCOC(=O)C1(CC[NH+](C)CC1)c2ccccc2,75,0,False
CN1N(C(=O)C=C1C)c2ccccc2,,0,False
Nc1ccc(N=Nc2ccccc2)c(N)n1,,0,False
C[C@H]1[C@@H](OCC[NH+]1C)c2ccccc2,,0,False
NNCCc1ccccc1,,0,False
CCC1(C(=O)NC(=O)NC1=O)c2ccccc2,3000,0,False
C[C@H](COc1ccccc1)[NH+](CCCl)Cc2ccccc2,,0,False
CC(C)([NH3+])Cc1ccccc1,,0,False
C[NH2+]C[C@H](O)c1cccc(O)c1,,0,False
C[C@@H]([NH3+])[C@H](O)c1ccccc1,,0,False
C[NH+](C)CCOc1ccccc1Cc2ccccc2,,0,False
[O-]c1ccccc1C(=O)Oc2ccccc2,,0,False
O=C1NC(=O)C(N1)(c2ccccc2)c3ccccc3,240,0,False
CC[C@H]1[C@@H](Cc2cncn2C)COC1=O,,0,False
Cc1cccc(C)c1NC(=O)CC23CCC[NH+]2CCC3,20.4,1,True
Fc1ccc(cc1)C(CCC[NH+]2CCC(CC2)[N+]3=C4C=CC=CC4=NC3=O)c5ccc(F)cc5,0.018,1,True
CCc1ccc(CCOc2ccc(C[C@@H]3SC(=O)[N-]C3=O)cc2)nc1,,0,False
CN1C(=C([O-])c2ccccc2S1(=O)=O)C(=O)Nc3ccccn3,,0,False
CN1[C@H](CSCC(F)(F)F)Nc2cc(Cl)c(cc2S1(=O)=O)S(=O)(=O)N,,0,False
CCC[NH2+][C@H]1CCc2nc(N)sc2C1,,0,False
COc1cc2nc(nc(N)c2cc1OC)N3CCN(CC3)C(=O)c4occc4,1.58,1,True
C[C@H](Cc1ccccc1)[NH2+]CCC(c2ccccc2)c3ccccc3,0.59,1,True
COc1cc(N[C@H](C)CCC[NH3+])c2ncccc2c1,21.5,1,True
CCC1(C(=O)NCNC1=O)c2ccccc2,,0,False
CC[NH+](CC)CCNC(=O)c1ccc(N)cc1,138.7,0,False
C[NH+](C)CCCN1c2ccccc2CCc3ccc(Cl)cc13,39.81,1,True
CNNCc1ccc(cc1)C(=O)NC(C)C,,0,False
C[NH+]1CC[NH+](CCCN2c3ccccc3Sc4ccc(Cl)cc24)CC1,22.6,1,True
CC(C)NC(=[NH2+])NC(=[NH2+])Nc1ccc(Cl)cc1,,0,False
C[C@H](CN1c2ccccc2Sc3ccccc13)[NH+](C)C,,1,True
CCC[NH2+]C[C@@H](O)COc1ccccc1C(=O)CCc2ccccc2,0.44,1,True
CC[NH+](CC)CCc1cc(N)ccc1C(=O)NC(=O)CC,,1,True
CCCOC(C(=O)OC1CC[NH+](C)CC1)(c2ccccc2)c3ccccc3,10,1,True
CCC(=O)O[C@@](Cc1ccccc1)([C@H](C)C[NH+](C)C)c2ccccc2,,0,False
CC(C)[NH2+]C[C@H](O)COc1cccc2ccccc12,10,1,True
C[NH+]1CCc2cc3OCOc3cc2C(=O)Cc4ccc5OCOc5c4C1,165,0,False
C[NH2+]CCCC1c2ccccc2C=Cc3ccccc13,1.17,1,True
COCCC[NH+]1CCC(CC1)NC(=O)c2cc(Cl)c(N)c3CCOc23,4.1,1,True
C[C@H]1SC2=C(C(=O)[O-])C(=O)c3cc(F)c(cc3N12)N4CC[NH+](CC5=C(C)OC(=O)O5)CC4,316.2,0,False
C[NH2+][C@@H](C)[C@@H](O)c1cccc(O)c1,,0,False
Cc1ncc(CO)c(CO)c1O,,0,False
COc1ccc(CN(CC[NH+](C)C)c2ccccn2)cc1,2.45,1,True
CCc1nc(N)nc(N)c1c2ccc(Cl)cc2,,0,False
OCCOCC[NH+]1CCN(CC1)C2=Nc3ccccc3Sc4ccccc24,5.75,1,True
COCCCOc1ccnc(C[S@](=O)c2nc3ccccc3[nH]2)c1C,,0,False
Oc1ccc(cc1)c2sc3cc(O)ccc3c2C(=O)c4ccc(OCC[NH+]5CCCCC5)cc4,,0,False
CN1C(=O)C(=O)\C(=C(\[O-])/NCc2ccc(F)cc2)\N=C1C(C)(C)NC(=O)c3oc(C)nn3,,0,False
CN\C(=C/[N+](=O)[O-])\NCCSCc1oc(C[NH+](C)C)cc1,,0,False
COc1ccccc1OC[C@@H](O)C[NH+]2CC[NH+](CC(=O)Nc3c(C)cccc3C)CC2,14.6,1,True
COc1cc(N)c(Cl)cc1C(=O)N[C@H]2CC[NH+]3CCC[C@H]2C3,2,1,True
CCOc1cc(CC(=O)N[C@H](CC(C)C)c2ccccc2N3CCCCC3)ccc1C(=O)[O-],,0,False
NC(=O)c1ncn(n1)[C@H]2O[C@@H](CO)[C@H](O)[C@@H]2O,,0,False
Nc1nc2ccc(OC(F)(F)F)cc2s1,,0,False
C[C@@H]([NH3+])C12CC3CC(CC(C3)C1)C2,,0,False
CC1=NC2=[N+](CCCC2)C(=O)[C@H]1CC[NH+]3CCC(CC3)c4noc5cc(F)ccc45,0.163,1,True
CC(C)[C@H](NC(=O)N(C)Cc1csc(n1)C(C)C)C(=O)N[C@H](C[C@H](O)[C@H](Cc2ccccc2)NC(=O)OCc3cncs3)Cc4ccccc4,8.2,1,True
CCN(C)C(=O)Oc1cccc(c1)[C@H](C)[NH+](C)C,,0,False
C[NH+](C)CC[C@H]1C=Nc2ccc(Cn3cncn3)cc12,,0,False
CS(=O)(=O)c1ccc(cc1)C2=C(C(=O)OC2)c3ccccc3,,0,False
CCC[NH+](CCC)CCc1cccc2NC(=O)Cc12,,0,False
CCC[NH+]1CCCC[C@H]1C(=O)Nc2c(C)cccc2C,23.8,1,True
CN(CCOc1ccc(C[C@@H]2SC(=O)[N-]C2=O)cc1)c3ccccn3,,0,False
CC[C@H]1OC(=O)[C@H](C)[C@@H](O[C@H]2C[C@@](C)(OC)[C@@H](O)[C@H](C)O2)[C@H](C)[C@@H](O[C@@H]3O[C@H](C)C[C@@H]([C@H]3O)[NH+](C)C)[C@](C)(O)C[C@@H](C)\C(=N\OCOCCOC)\[C@H](C)[C@@H](O)[C@]1(C)O,36.5,1,True
CC(C)(C)NC(=O)[C@@H]1C[C@@H]2CCCC[C@@H]2C[NH+]1C[C@@H](O)[C@H](Cc3ccccc3)NC(=O)[C@H](CC(=O)N)NC(=O)c4ccc5ccccc5n4,15.3,1,True
NC(=O)OC[C@@H]1NC(=[NH2+])N2CCC(O)(O)[C@@]23NC(=[NH2+])N[C@@H]13,0.5,1,True
COc1ccc(CC[NH2+]CCCNC(=O)c2ccc(cc2)[N+](=O)[O-])cc1OC,12.3,1,True
C[C@H](Cc1ccccc1)[NH+](C)CC#C,,0,False
CC[NH+](CC)CCNC(=O)c1ccc(NS(=O)(=O)C)cc1,50,0,False
Fc1ccc(cc1)n2cc(C3CC[NH+](CCN4CCNC4=O)CC3)c5cc(Cl)ccc25,0.0126,1,True
C[NH2+][C@H]1CC[C@@H](c2ccc(Cl)c(Cl)c2)c3ccccc13,7.9,1,True
CC(C)C[C@@H]([NH+](C)C)C1(CCC1)c2ccc(Cl)cc2,15.8,1,True
CCCC1=N[N+](=C2C(=O)N=C(N=C12)c3cc(ccc3OCC)S(=O)(=O)N4CC[NH+](C)CC4)C,100,0,False
C[C@H](Cc1cc2CCN(CCCO)c2c(c1)C(=O)N)[NH2+]CCOc3ccccc3OCC(F)(F)F,8.91,1,True
CCC(C)(C)C(=O)O[C@H]1C[C@@H](C)C=C2C=C[C@H](C)[C@H](CC[C@@H]3C[C@@H](O)CC(=O)O3)[C@@H]12,,0,False
[NH3+][C@@H](CC(=O)N1CCn2c(C1)nnc2C(F)(F)F)Cc3cc(F)c(F)cc3F,147,0,False
O=C(O[C@@H]1C[NH+]2CCC1CC2)N3CCc4ccccc4[C@@H]3c5ccccc5,0.27,1,True
O=C1C=CC[C@@H]2[C@H]3CCC[NH+]4CCC[C@H](CN12)[C@H]34,199.5,0,False
CC(C)[NH2+]C[C@@H](O)c1ccc(NS(=O)(=O)C)cc1,74.13,0,False
C[C@@H]1CN(C[C@H](C)[NH2+]1)c2c(F)c(N)c3C(=O)[C@@H](C=[N+](C4CC4)c3c2F)C(=O)[O-],18,1,True
CC(=O)S[C@@H]1CC2=CC(=O)CC[C@]2(C)[C@H]3CC[C@@]4(C)[C@@H](CC[C@@]45CCC(=O)O5)[C@H]13,23.1,1,True
CC1=CN([C@@H]2O[C@@H](CO)C=C2)C(=O)NC1=O,,0,False
CCC(=O)N(c1ccccc1)C2(COC)CC[NH+](CCc3cccs3)CC2,,1,True
Cc1onc([N-]S(=O)(=O)c2ccc(N)cc2)c1,10000,0,False
CC1=C(CC(=O)[O-])c2cc(F)ccc2/C/1=C\c3ccc(cc3)[S@](=O)C,,0,False
CNS(=O)(=O)Cc1ccc2N=C[C@H](CC[NH+](C)C)c2c1,,0,False
CC[NH+](CC)CCNC(=O)c1c(C)[nH]c(\C=C\2/C(=O)Nc3ccc(F)cc23)c1C,0.27,1,True
Nc1c2CCCCc2[nH+]c3ccccc13,,0,False
CN1CC(=O)N2[C@H](Cc3c([nH]c4ccccc34)[C@@H]2c5ccc6OCOc6c5)C1=O,100,0,False
CN1CC(=O)N2[C@H](Cc3c([nH]c4ccccc34)[C@H]2c5ccc6OCOc6c5)C1=O,100,0,False
CC\C(=C(\c1ccccc1)/c2ccc(OCC[NH+](C)C)cc2)\c3ccccc3,1.58,1,True
CC\C(=C(/c1ccccc1)\c2ccc(OCC[NH+](C)C)cc2)\c3ccccc3,0.1,1,True
CCOc1ccccc1OCC[NH2+][C@H](C)Cc2ccc(OC)c(c2)S(=O)(=O)N,104.8,0,False
CC[C@H]([C@@H](C)C[NH+](C)C)c1cccc(O)c1,12.8,1,True
C(C1CC1)[NH+]2CC3C[NH+](CC4CC4)CC(C2)C35CCCC5,2.5,1,True
CC1=CN([C@@H]2C[C@@H](O)[C@H](CO)O2)C(=O)NC1=O,,0,False
CCCc1nc2ccc(cc2n1Cc3ccc(cc3)c4ccccc4C(=O)[O-])c5nc6c(C)cccc6n5C,,0,False
C[N+]1=NN=C2C(=NC=[N+]2C1=O)C(=O)N,,0,False
COc1cc2nc(nc(N)c2cc1OC)N3CCN(CC3)C(=O)[C@@H]4CCCO4,17.1,1,True
CC(C)(C)[NH2+]C[C@@H](O)c1cc(O)cc(O)c1,,0,False
CC(C)(C)c1ccc(cc1)[C@@H](O)CCC[NH+]2CCC(CC2)C(O)(c3ccccc3)c4ccccc4,0.0084,1,True
COc1ccc(cc1OC)C2CC[NH+](CC[C@H]3CCOc4ccccc34)CC2,0.25,1,True
C[C@H](CC(c1ccccc1)c2ccccc2)[NH2+]C(C)(C)C,1.51,1,True
C[C@]12CC[C@H]3[C@H](CCC4=CC(=O)C=C[C@]34C)[C@@H]1CCC(=O)O2,,0,False
O=C1CC[C@@H](N2C(=O)c3ccccc3C2=O)C(=O)N1,,0,False
CN1C(=O)NC(=O)c2c1ncn2C,>100,0,False
CN1C(=O)N(C)c2[nH]cnc2C1=O,,0,False
NC1=NC(=S)c2[nH]cnc2N1,,0,False
CCC[C@@H](C)C1(CC)C(=O)NC(=S)NC1=O,,1,True
CSc1ccc2Sc3ccccc3N(CC[C@H]4CCCC[NH+]4C)c2c1,0.096,1,True
CN(C)S(=O)(=O)c1ccc2Sc3ccccc3\C(=C/CC[NH+]4CC[NH+](C)CC4)\c2c1,,0,False
Cc1ccsc1C(=CCC[NH+]2CCC[C@H](C2)C(=O)[O-])c3sccc3C,,0,False
Clc1ccccc1C[NH+]2CCc3sccc3C2,,0,False
[O-]P(=O)([O-])C(Sc1ccc(Cl)cc1)P(=O)([O-])[O-],,0,False
CC(C)(C)[NH2+]C[C@H](O)COc1nsnc1N2CCOCC2,,0,False
Clc1ccc2nsnc2c1NC3=[NH+]CCN3,,0,False
C[C@@H]([NH3+])C(=O)Nc1c(C)cccc1C,,0,False
Cc1ccc(cc1)C(=O)c2cc(O)c([O-])c(c2)[N+](=O)[O-],,0,False
Cc1ccc(cc1)C(=O)c2ccc(CC(=O)[O-])n2C,,0,False
CC(C)[NH+](CC[C@H](c1ccccc1)c2cc(C)ccc2O)C(C)C,0.0128,1,True
CC1(C)O[C@@H]2CO[C@@]3(COS(=O)(=O)N)OC(C)(C)O[C@H]3[C@@H]2O1,,0,False
C[NH+](C)CCOc1ccc(cc1)\C(=C(\CCCl)/c2ccccc2)\c3ccccc3,,0,False
CC(C)NC(=O)[N-]S(=O)(=O)c1c[nH+]ccc1Nc2cccc(C)c2,,0,False
COc1cccc(c1)[C@@]2(O)CCCC[C@@H]2C[NH+](C)C,,0,False
[NH3+][C@@H]1C[C@H]1c2ccccc2,,0,False
Clc1cccc(c1)N2CC[NH+](CCCN3N=C4C=CC=CN4C3=O)CC2,2.9,1,True
Nc1nc(N)c2nc(c(N)nc2n1)c3ccccc3,,1,True
Cc1nnc2CN=C(c3ccccc3Cl)c4cc(Cl)ccc4n12,50.1,0,False
C[NH+]1CC[NH+](CCCN2c3ccccc3Sc4ccc(cc24)C(F)(F)F)CC1,3.58,1,True
O[C@](CC[NH+]1CCCCC1)(C2CCCCC2)c3ccccc3,,0,False
CC[C@@](COC(=O)c1cc(OC)c(OC)c(OC)c1)([NH+](C)C)c2ccccc2,89.12,0,False
O=C1N(Cc2ccccc2)[C@H]3C[S+]4CCC[C@@H]4[C@H]3N1Cc5ccccc5,10,1,True
COc1cc(cc(OC)c1OC)C(=O)NCc2ccc(OCC[NH+](C)C)cc2,,0,False
COc1cc(Cc2cnc(N)nc2N)cc(OC)c1OC,239,0,False
C[C@@H](CN1c2ccccc2CCc3ccccc13)C[NH+](C)C,,1,True
Cc1ccc(cc1)\C(=C/C[NH+]2CCCC2)\c3ccccn3,,0,False
C[C@@H](CCC(=O)[O-])[C@H]1CC[C@H]2[C@@H]3[C@@H](O)C[C@@H]4C[C@H](O)CC[C@]4(C)[C@H]3CC[C@]12C,,0,False
CCCC(CCC)C(=O)[O-],,0,False
CCCCC(=O)N(Cc1ccc(cc1)c2ccccc2c3nn[n-]n3)[C@@H](C(C)C)C(=O)[O-],,0,False
Fc1ccc(cc1)C(OCC[NH+]2CC[NH+](CCCc3ccccc3)CC2)c4ccc(F)cc4,0.007,1,True
CCCc1nc(C)c2C(=O)N=C(Nn12)c3cc(ccc3OCC)S(=O)(=O)N4CC[NH+](CC)CC4,12.8,1,True
COc1ccc(cc1)[C@@H](C[NH+](C)C)C2(O)CCCCC2,,1,True
COc1ccc(CC[NH+](C)CCC[C@](C#N)(C(C)C)c2ccc(OC)c(OC)c2)cc1OC,0.136,1,True
COc1ccc(CCO[C@@H]2CCCC[C@H]2[NH+]3CC[C@@H](O)C3)cc1OC,21,1,True
COc1ccc(cc1OC)C(=O)N2CCN(CC2)c3ccc4NC(=O)CCc4c3,1.1,1,True
CCOC(=O)C1=C[C@]2(CC)CCC[NH+]3CCc4c([C@H]23)n1c5ccccc45,0.032,1,True
CC(C)CCC[C@@H](C)CCC[C@@H](C)CCC\C(=C\CC1=C(C)C(=O)c2ccccc2C1=O)\C,5.75,1,True
CC(=O)C[C@@H](C1=C([O-])c2ccccc2OC1=O)c3ccccc3,,0,False
CN(CCN(C)S(=O)(=O)c1ccc(NS(=O)(=O)C)cc1)c2nc3ccccc3n2C,0.2041,1,True
FC1CC[NH2+]CC1c2c([nH]c3cc(F)ccc23)c4ccsc4,1.5,1,True
C[NH+]1CCCCC1c2c([nH]c3ccccc23)c4ccccc4,7,1,True
C([NH+]1CCCC(C1)c2c([nH]c3ccccc23)c4ccccc4)c5ccccc5,0.29,1,True
C(Cc1ccccc1)[NH+]2CCCC(C2)c3c([nH]c4ccccc34)c5ccccc5,0.53,1,True
C[NH+]1CCCC(C1)c2c([nH]c3ccccc23)c4ccccc4,9.6,1,True
C1CN(CCC1c2c([nH]c3ccccc23)c4ccccc4)c5ccccc5,0.08,1,True
C1CC2CC(CC1N2c3ccccc3)c4c([nH]c5ccccc45)c6ccccc6,0.018,1,True
FC(F)(F)c1cccc(c1)c2c[nH]c(n2)C3CCC(CNS(=O)(=O)c4ccccc4)CC3,<1,1,True
FC(F)(F)c1cccc(c1)c2c[nH]c(n2)C3CCC(CC3)C(=O)[N-]S(=O)(=O)c4ccccc4,,0,False
CN(CC1CCC(CC1)c2nc(c[nH]2)c3cccc(c3)C(F)(F)F)S(=O)(=O)c4ccccc4,<1,1,True
[S-]c1ncccc1C(=O)N2CCC([NH2+]Cc3cncn3Cc4ccc(cc4)C#N)C2=O,11,1,True
CC(C)(C)Oc1cc(ccc1OC(F)F)[C@H](C2=CNC(S2)C(C)(C)O)c3cc[n+]([O-])cc3,58.4,0,False
CC(C)Oc1cc(ccc1OC(F)F)[C@H](C2=CNC(S2)C(O)(C(F)(F)F)C(F)(F)F)c3ccc[n+]([O-])c3,38.1,1,True
CC(C)Oc1cc(ccc1OC(F)F)C(C2=CNC(S2)C(O)(C(F)(F)F)C(F)(F)F)c3cc[n+]([O-])cc3,21,1,True
CC(C)(C)Oc1cc(ccc1OC(F)F)C(C2=CNC(S2)C(O)(C(F)(F)F)C(F)(F)F)c3cc[n+]([O-])cc3,61.4,0,False
CC(C)Oc1cc(ccc1OC(F)F)C(C2=CNC(S2)C(O)(C(F)(F)F)C(F)(F)F)c3ccc[n+]([O-])c3,39,1,True
CCSc1ncccc1C(=O)N2CCC([NH2+]Cc3cncn3Cc4ccc(cc4)C#N)C2=O,14,1,True
CSc1ncccc1C(=O)N2CCC([NH2+]Cc3cncn3Cc4ccc(cc4)C#N)C2=O,7.8,1,True
O=C1C(CCN1c2cccc3ncccc23)[NH2+]Cc4cncn4Cc5ccc(cc5)C#N,8.2,1,True
O=C1C(CCN1c2ccncc2)[NH2+]Cc3cncn3Cc4ccc(cc4)C#N,3.2,1,True
O=C1C(CCN1Cc2ccccc2)[NH2+]Cc3cncn3Cc4ccc(cc4)C#N,7.2,1,True
COc1ncccc1C(=O)N2CCC([NH2+]Cc3cncn3Cc4ccc(cc4)C#N)C2=O,21,1,True
[O-]c1ncccc1C(=O)N2CCC([NH2+]Cc3cncn3Cc4ccc(cc4)C#N)C2=O,50,0,False
Nc1ncccc1C(=O)N2CCC([NH2+]Cc3cncn3Cc4ccc(cc4)C#N)C2=O,50,0,False
Cc1ncccc1C(=O)N2CCC([NH2+]Cc3cncn3Cc4ccc(cc4)C#N)C2=O,10,1,True
O=C1C(CCN1c2ccccc2)[NH2+]CCc3cncn3Cc4ccc(cc4)C#N,0.15,1,True
O=C1C(CCN1Cc2ccccc2)[NH+](Cc3cccnc3)Cc4cncn4Cc5ccc(cc5)C#N,0.87,1,True
CCCC[NH+](Cc1cncn1Cc2ccc(cc2)C#N)C3CCN(Cc4ccccc4)C3=O,0.19,1,True
C1C[NH2+]CC(C1)c2c([nH]c3ccccc23)c4ccccc4,4.9,1,True
C1CC(CC[NH2+]1)c2c([nH]c3ccccc23)c4ccccc4,5.7,1,True
FC1CC[NH2+]CC1c2c([nH]c3c(F)cccc23)c4ccccc4,3,1,True
FC1CC[NH2+]CC1c2c([nH]c3cc(F)ccc23)c4ccccc4,4,1,True
FC1CC[NH2+]CC1c2c([nH]c3cc(F)ccc23)c4cccc5ccccc45,0.11,1,True
FC1CC[NH2+]CC1c2c([nH]c3cc(F)ccc23)c4ccc5ccccc5c4,0.5,1,True
COC(=O)c1[nH]c2cc(F)ccc2c1C3C[NH2+]CC[C@@H]3F,8.2,1,True
F[C@H]1CC[NH2+]CC1c2c([nH]c3cc(F)ccc23)C(=O)Nc4ccccc4,0.93,1,True
FC1CC[NH2+]CC1c2c([nH]c3cc(F)ccc23)C4CCCCCC4,5.4,1,True
FC1CC[NH2+]CC1c2c([nH]c3cc(F)ccc23)C4=CNC=CC4,2.5,1,True
FC1CC[NH2+]CC1c2c([nH]c3ccc(F)cc23)c4ccccc4,7,1,True
F[C@H]1CC[NH2+]CC1c2c([nH]c3cc(F)ccc23)c4ccc(F)cc4,1.6,1,True
Fc1ccc(cc1)c2[nH]c3cc(F)ccc3c2C4CCC[NH2+]C4,1.3,1,True
FC1CC[NH2+]CC1c2c([nH]c3ccccc23)c4ccccc4,1.1,1,True
CC(C)(O)C1NC=C(C=C1)C(c2cc[n+](O)cc2)c3ccc(OC(F)F)c(OC4CCC4)c3,22.4,1,True
CC(C)(O)C1NC=C(C=C1)[C@H](c2cc[n+]([O-])cc2)c3ccc(OC(F)F)c(OC(F)F)c3,22.7,1,True
CC(C)(O)C1NC=C(C=C1)[C@@H](c2cc[n+]([O-])cc2)c3ccc(OC(F)F)c(OC(F)F)c3,25.4,1,True
CC(O)(C1NC=C(C=C1)C(c2cc[n+](O)cc2)c3ccc(OC(F)F)c(OC(F)F)c3)c4ccccc4,1.18,1,True
CC(C)Oc1cc(ccc1OC(F)F)[C@H](C2=CNC(C=C2)C(C)(C)O)c3cc[n+]([O-])cc3,41.5,0,False
CC(C)Oc1cc(ccc1OC(F)F)[C@H](C2=CNC(C=C2)C(C)(C)O)c3ccc[n+]([O-])c3,42.2,0,False
CC(C)Oc1cc(ccc1OC(F)F)[C@@H](C2=CCC(=O)N=C2)C3=CNC(C=C3)C(C)(C)O,55.9,0,False
CC(C)Oc1cc(ccc1OC(F)F)[C@@H](C2=CNC(C=C2)C(C)(C)O)c3ccc[n+]([O-])c3,44.7,0,False
CC(C)(C)Oc1cc(ccc1OC(F)F)[C@H](C2=CNC(C=C2)C(C)(C)O)c3cc[n+]([O-])cc3,25,1,True
CC(=O)NNC(=O)C1CCC(CC1)c2nc(c[nH]2)c3cccc(c3)C(F)(F)F,,0,False
OCCNC(=O)C1CCC(CC1)c2nc(c[nH]2)c3cccc(c3)C(F)(F)F,<1,1,True
CC(C)(CO)NC(=O)C1CCC(CC1)c2nc(c[nH]2)c3cccc(c3)C(F)(F)F,,0,False
FC1CC[NH2+]CC1c2c([nH]c3c(Cl)cccc23)c4ccccc4,2.1,1,True
Clc1cccc(CN2CCC([NH2+]Cc3cncn3Cc4ccc(cc4)C#N)C2=O)c1,0.44,1,True
Clc1cccc(CN2CCC([NH+](CC[NH+]3CCOCC3)Cc4cncn4Cc5ccc(cc5)C#N)C2=O)c1,0.19,1,True
Clc1cccc(CN2CCC([NH+](CC[NH+]3CC[NH2+]CC3)Cc4cncn4Cc5ccc(cc5)C#N)C2=O)c1,1.1,1,True
Clc1cccc(CN2CCC([NH+](CCCc3ccccc3)Cc4cncn4Cc5ccc(cc5)C#N)C2=O)c1,0.024,1,True
CC(C)(C)OC(=O)NCCC[NH+](Cc1cncn1Cc2ccc(cc2)C#N)C3CCN(Cc4cccc(Cl)c4)C3=O,0.11,1,True
[NH3+]CCC[NH+](Cc1cncn1Cc2ccc(cc2)C#N)C3CCN(Cc4cccc(Cl)c4)C3=O,0.48,1,True
Clc1cccc(c1)C(=O)N2CCC([NH2+]Cc3cncn3Cc4ccc(cc4)C#N)C2=O,5.8,1,True
FC1CC[NH2+]CC1c2c([nH]c3cc(Cl)ccc23)c4ccccc4,1.4,1,True
FC1CC[NH2+]CC1c2c([nH]c3ccc(Cl)cc23)c4ccccc4,7,1,True
CC(=O)NC(=O)C1CCC(CC1)c2nc(c[nH]2)c3cccc(Br)c3,<1,1,True
Brc1cncc(c1)C(=O)N2CCC([NH2+]Cc3cncn3Cc4ccc(cc4)C#N)C2=O,6,1,True
COC(=O)[C@H]1[C@@H](O)CC[C@H]2C[NH+]3CCc4c([nH]c5ccccc45)[C@@H]3C[C@H]12,,0,False
COc1cc(O)c(cc1OC)C(=O)Nc2nc(cs2)C(=O)NCC[NH+](C(C)C)C(C)C,>10,1,True
COc1cc(ccc1Cc2cn(C)c3ccc(NC(=O)OC4CCCC4)cc23)C(=O)[N-]S(=O)(=O)c5ccccc5C,25.1,1,True
NC1=NC(=O)N(C=C1)[C@H]2CC[C@@H](CO)O2,,0,False
CCN(C(=O)C)c1cccc(c1)c2cc[nH]c3c(cn[n+]23)C#N,,0,False
CC1=CN([C@H]2C[C@@H](N=[N+]=[N-])[C@@H](CO)O2)C(=O)NC1=O,,0,False
Clc1cc2NC(=O)Cc2cc1CC[NH+]3CCN(CC3)c4nsc5ccccc45,0.12,1,True
CN(C)C(=O)CC1=C(N=C2CC=C(C)C=[N+]12)c3ccc(C)cc3,,0,False
